19790101	ARG	VAT	072
19790101	RUS	GUY	071
19790101	RUS	GUY	071
19790101	RUS	GUY	071
19790101	VAT	ARG	072
19790101	VAT	CHL	072
19790101	VAT	CHL	072
19790101	VNM	VNM	072
19790102	GBR	CAN	073
19790102	PHL	PHL	073
19790103	CUB	ETH	072
19790103	IRN	USA	071
19790103	IRN	USA	071
19790103	IRN	USA	071
19790103	IRQ	BEN	071
19790103	USA	IRN	072
19790103	USA	IRN	072
19790104	CAN	IDN	071
19790104	GBR	USA	071
19790104	IRL	USA	071
19790104	IRL	USA	071
19790104	IRL	USA	071
19790104	LAO	VNM	071
19790104	LAO	VNM	071
19790104	LAO	VNM	071
19790104	THA	KHM	072
19790104	THA	KHM	072
19790104	THA	KHM	072
19790104	THA	KHM	073
19790104	THA	KHM	073
19790105	CHN	KHM	073
19790105	CHN	KHM	073
19790105	VNM	VNM	070
19790106	CHN	SDN	073
19790106	CHN	SDN	073
19790106	ESP	MRT	071
19790106	ESP	MRT	071
19790106	MYS	PHL	075
19790107	EGY	SYR	072
19790107	IRN	CHE	071
19790107	IRN	IRN	071
19790107	KHM	KHM	070
19790107	KHM	KHM	070
19790107	KHM	KHM	070
19790107	RUS	JPN	075
19790108	CUB	CUB	071
19790108	KHM	CHN	073
19790108	KHM	CHN	073
19790108	THA	CHN	073
19790108	THA	CHN	073
19790108	THA	KHM	073
19790109	CIV	KEN	071
19790109	RUS	VNM	073
19790109	RUS	VNM	073
19790109	THA	KHM	075
19790110	CHN	AFR	070
19790110	CHN	AFR	070
19790110	CHN	ZAF	070
19790110	CHN	ZAF	070
19790110	CHN	ZWE	070
19790110	CHN	ZWE	070
19790110	NGA	USA	070
19790110	SAU	USA	070
19790110	THA	KHM	073
19790111	JPN	VNM	070
19790111	KEN	AFR	070
19790111	KEN	AFR	070
19790111	KEN	NAM	070
19790111	KWT	YEM	071
19790111	THA	KHM	073
19790111	THA	KHM	073
19790111	JPN	VNM	070
19790111	JPN	VNM	070
19790111	KWT	YEM	071
19790111	KWT	YEM	071
19790112	AUS	AUS	071
19790112	KHM	KHM	072
19790112	KHM	KHM	072
19790114	NLD	EGY	071
19790114	NLD	EGY	071
19790115	CHN	VNM	072
19790115	CHN	VNM	072
19790115	PRT	USA	070
19790116	CHN	VNM	072
19790116	CHN	VNM	072
19790116	CHN	VNM	072
19790116	CHN	VNM	072
19790116	ETH	ZWE	073
19790116	ETH	ZWE	073
19790116	ETH	ZWE	073
19790116	KHM	SEA	070
19790116	KHM	VNM	071
19790116	KHM	VNM	071
19790116	KHM	VNM	071
19790116	RUS	AFG	072
19790116	RUS	AFG	072
19790116	VNM	SEA	070
19790117	COD	CHN	070
19790117	DEU	KEN	071
19790117	DEU	KEN	071
19790117	DEU	KEN	071
19790117	DNK	VNM	071
19790117	JPN	USA	070
19790117	JPN	USA	070
19790117	VNM	KHM	072
19790117	VNM	VNM	070
19790117	DNK	VNM	071
19790117	VNM	KHM	072
19790118	DEU	TUR	072
19790118	FRA	BGR	075
19790118	FRA	BGR	075
19790118	FRA	RUS	075
19790118	VNM	KHM	073
19790119	RUS	FIN	070
19790120	CHN	VNM	073
19790120	CHN	VNM	073
19790121	VNM	KHM	070
19790121	VNM	KHM	070
19790122	DEU	SOM	073
19790122	DEU	SOM	073
19790122	MAR	MAR	070
19790122	MAR	MAR	070
19790122	UGA	TZA	072
19790122	UGA	TZA	072
19790122	USA	USA	075
19790123	AUS	AUS	073
19790123	AUS	AUS	073
19790123	BEL	ETH	070
19790123	RUS	LAO	070
19790123	RUS	LAO	070
19790124	RUS	RUS	071
19790124	USA	PAK	071
19790126	CHN	VNM	072
19790126	CZE	ETH	073
19790126	ISR	ISR	073
19790126	ISR	VNM	073
19790126	ISR	VNM	075
19790126	ISR	VNM	075
19790126	ISR	VNM	075
19790126	USA	CUB	070
19790126	USA	CUB	070
19790126	USA	VNM	075
19790126	USA	VNM	075
19790126	USA	VNM	075
19790127	CUB	CUB	071
19790128	ETH	GBR	070
19790128	ETH	GBR	070
19790128	IRN	MAR	070
19790128	IRN	MAR	070
19790128	IRN	MAR	070
19790128	JPN	JPN	070
19790128	MYS	PAK	070
19790128	USA	USA	072
19790128	USA	USA	072
19790128	VNM	KHM	072
19790128	AUT	TUR	071
19790128	AUT	TUR	071
19790128	EGY	EGY	070
19790128	MYS	PAK	070
19790128	MYS	PAK	070
19790128	VNM	KHM	072
19790129	CHN	USA	070
19790129	CHN	USA	070
19790129	CHN	USA	070
19790129	DEU	FRA	070
19790129	DEU	FRA	070
19790129	FRA	DEU	072
19790129	UGA	TZA	072
19790129	UGA	TZA	072
19790129	UGA	TZA	072
19790130	CHN	VNM	072
19790130	LAO	KHM	073
19790131	CHN	CHN	070
19790131	CHN	CHN	070
19790131	JPN	CHN	070
19790131	SVK	SVK	073
19790201	DEU	USA	071
19790201	JPN	EGY	071
19790201	JPN	EGY	071
19790202	BEL	BEL	072
19790202	CHN	VNM	072
19790202	CHN	VNM	072
19790202	DEU	PAK	070
19790202	DEU	PAK	070
19790202	RUS	USA	073
19790202	RUS	USA	073
19790202	BEL	BEL	072
19790202	BEL	BEL	072
19790202	BEL	BEL	072
19790203	FJI	IRL	072
19790203	FJI	IRL	072
19790203	FJI	IRL	072
19790203	FRA	EGY	071
19790203	FRA	EGY	071
19790203	JPN	CHN	070
19790203	JPN	CHN	070
19790204	FIN	SDN	071
19790204	FJI	IRL	072
19790204	FJI	IRL	072
19790204	FJI	IRL	072
19790204	FRA	IRL	072
19790204	FRA	IRL	072
19790204	FRA	IRL	072
19790204	JPN	PAK	071
19790204	NGA	IRL	072
19790204	NGA	IRL	072
19790204	NGA	IRL	072
19790204	NOR	IRL	072
19790204	NOR	IRL	072
19790204	NOR	IRL	072
19790204	NPL	IRL	072
19790204	NPL	IRL	072
19790204	NPL	IRL	072
19790204	SEN	IRL	072
19790204	SEN	IRL	072
19790204	SEN	IRL	072
19790204	JPN	PAK	071
19790204	JPN	PAK	071
19790205	CHN	KHM	072
19790205	CHN	KHM	072
19790205	GBR	GBR	071
19790205	GBR	GBR	071
19790205	GBR	GBR	071
19790205	ISR	IRN	075
19790205	PHL	PHL	073
19790205	PHL	PHL	073
19790205	PHL	VNM	070
19790205	PHL	VNM	070
19790205	PHL	VNM	070
19790206	CHN	CHN	070
19790206	USA	GUY	070
19790206	USA	GUY	070
19790206	VNM	CHN	071
19790207	ARE	MAR	071
19790207	IRN	OMN	070
19790208	ETH	ETH	070
19790208	GBR	NPL	070
19790208	IRQ	SYR	070
19790208	JPN	IDN	070
19790208	JPN	IDN	070
19790208	JPN	IDN	070
19790208	JPN	IDN	070
19790208	PER	CHL	071
19790208	PER	CHL	071
19790208	PER	CHL	071
19790208	RUS	CHN	072
19790208	RUS	CHN	072
19790209	FRA	ESP	075
19790209	FRA	ESP	075
19790209	FRA	ESP	075
19790209	GBR	CHN	072
19790209	RUS	KHM	073
19790209	USA	CAN	071
19790209	USA	CAN	071
19790209	USA	WST	072
19790209	USA	USA	070
19790210	CHN	KHM	072
19790210	CHN	KHM	072
19790210	CHN	KHM	072
19790210	CHN	KHM	072
19790210	CHN	KHM	072
19790210	CHN	KHM	072
19790210	IRQ	SYR	071
19790210	KHM	USA	070
19790210	KHM	USA	070
19790210	RUS	CHN	073
19790210	VNM	USA	070
19790211	SYR	IRQ	070
19790211	VEN	VEN	071
19790212	BWA	ZMB	073
19790212	CHN	VNM	070
19790212	CHN	VNM	070
19790212	CHN	VNM	070
19790212	NLD	ZWE	071
19790212	POL	POL	070
19790212	ZWE	BWA	073
19790213	BWA	ZMB	073
19790213	SAU	YEM	070
19790213	SAU	YEM	071
19790213	SAU	YEM	070
19790213	SAU	YEM	070
19790213	SAU	YEM	070
19790213	SAU	YEM	071
19790214	CHE	BEL	070
19790214	GBR	AFR	070
19790214	GBR	AFR	070
19790214	HUN	KHM	070
19790214	HUN	KHM	070
19790214	KHM	HUN	070
19790214	SDN	LBN	072
19790214	SDN	SDN	072
19790214	SDN	SDN	072
19790214	VNM	CHN	070
19790214	ZAF	AFR	070
19790214	CHE	BEL	070
19790214	CHE	BEL	070
19790215	FRA	TCD	075
19790215	FRA	TCD	075
19790216	BWA	USA	073
19790216	RUS	USA	073
19790216	TCD	TCD	072
19790216	TZA	TZA	070
19790216	USA	IRN	073
19790216	USA	USA	073
19790217	MMR	ASA	070
19790217	SEA	VNM	070
19790217	DNK	SEN	071
19790217	DNK	SEN	071
19790217	MMR	ASA	070
19790218	CHN	CHN	072
19790218	JPN	USA	073
19790218	JPN	USA	073
19790218	JPN	USA	073
19790218	JPN	USA	073
19790218	TZA	UGA	072
19790218	TZA	UGA	072
19790218	VNM	THA	074
19790218	VNM	THA	074
19790219	CHE	POL	070
19790219	CHE	POL	070
19790219	CHE	POL	070
19790219	CHN	VNM	070
19790219	CHN	VNM	070
19790219	LAO	CHN	070
19790219	LAO	CHN	070
19790219	LAO	CHN	070
19790219	LAO	VNM	070
19790219	LAO	VNM	070
19790219	LAO	VNM	070
19790219	LAO	VNM	070
19790219	SAU	ISR	070
19790219	SAU	ISR	070
19790219	SEA	VNM	070
19790219	SEA	VNM	070
19790219	USA	VNM	070
19790219	USA	VNM	070
19790219	USA	VNM	070
19790220	AFR	GHA	070
19790220	AFR	GHA	070
19790220	FIN	SOM	070
19790220	GHA	NAM	072
19790220	GHA	NAM	072
19790220	NAM	GHA	070
19790220	RUS	VNM	070
19790220	RUS	VNM	070
19790220	FIN	SOM	070
19790221	CAN	CAN	073
19790221	CAN	CAN	073
19790221	ZMB	ZMB	070
19790222	BGD	BGD	070
19790222	CHN	VNM	072
19790222	LAO	VNM	072
19790222	LAO	VNM	072
19790222	PRT	USA	071
19790222	PRT	USA	071
19790222	VNM	CHN	072
19790222	THA	THA	071
19790223	CHN	CHN	072
19790223	CHN	VNM	072
19790223	CHN	VNM	072
19790223	CHN	CHN	072
19790223	MOZ	MOZ	070
19790223	SAU	TGO	071
19790223	VNM	LAO	072
19790223	VNM	LAO	072
19790223	VNM	LAO	072
19790223	SAU	TGO	071
19790223	SAU	TGO	071
19790224	CHN	CHN	072
19790224	DEU	MOZ	070
19790224	RUS	POL	070
19790225	CAN	CHN	072
19790225	CAN	CHN	072
19790225	CAN	CHN	072
19790225	JPN	IDN	070
19790225	JPN	IDN	070
19790225	JPN	IDN	070
19790225	JPN	IDN	070
19790226	POL	DEU	070
19790226	RUS	VNM	073
19790227	GBR	IRN	071
19790227	GBR	IRN	071
19790227	QAT	KWT	070
19790227	QAT	KWT	070
19790227	SAU	KWT	070
19790227	SAU	KWT	070
19790228	KWT	QAT	070
19790228	SAU	KWT	070
19790228	SAU	QAT	070
19790228	VNM	KHM	072
19790228	KWT	QAT	070
19790228	KWT	QAT	070
19790228	SAU	KWT	070
19790228	SAU	KWT	070
19790228	SAU	QAT	070
19790301	CHN	JPN	071
19790301	CHN	JPN	071
19790301	GBR	ZWE	072
19790301	USA	MEX	071
19790302	CHN	VNM	072
19790302	CHN	VNM	072
19790302	SAU	USA	072
19790302	SAU	USA	072
19790303	HUN	PRT	070
19790303	HUN	PRT	070
19790303	HUN	PRT	070
19790304	CHN	VNM	072
19790306	LAO	LAO	070
19790306	VNM	CHN	070
19790306	VNM	CHN	070
19790307	CUB	AGO	072
19790307	CUB	AGO	072
19790307	EGY	IRN	072
19790307	IRN	USA	071
19790307	POL	POL	070
19790307	RUS	VNM	073
19790307	VNM	CHN	072
19790307	VNM	CHN	072
19790307	VNM	CHN	072
19790307	VNM	CHN	072
19790309	AUT	EUR	070
19790309	AUT	EUR	070
19790309	RUS	CHN	072
19790309	SVK	AUT	070
19790309	SVK	AUT	070
19790310	CUB	VNM	070
19790310	CUB	VNM	070
19790310	JPN	PAK	071
19790310	JPN	PAK	071
19790310	RUS	BGR	070
19790310	RUS	ZMB	070
19790310	RUS	ZMB	070
19790310	SVK	IRN	070
19790310	ZMB	BGR	070
19790310	ZMB	BGR	070
19790310	ZMB	ZMB	070
19790310	ZMB	ZMB	070
19790311	CUB	AFR	072
19790311	JPN	IDN	071
19790312	CHN	THA	070
19790312	RUS	TCD	073
19790312	RUS	TCD	073
19790312	RUS	TCD	073
19790312	USA	USA	070
19790313	GBR	USA	073
19790313	GBR	USA	073
19790313	USA	GBR	073
19790313	USA	GBR	073
19790313	USA	YEM	072
19790314	CHN	CHN	070
19790314	CHN	CHN	070
19790314	EGY	OMN	074
19790314	EGY	YEM	072
19790314	FRA	CHN	073
19790315	AUS	MYS	072
19790315	AUS	MYS	072
19790315	AUS	MYS	072
19790315	CHN	CHN	073
19790315	CHN	CHN	073
19790315	FRA	MDG	071
19790315	ISR	ISR	072
19790315	ISR	ISR	072
19790315	KHM	KHM	070
19790315	USA	IRN	072
19790315	USA	IRN	072
19790315	FRA	MDG	071
19790316	AUT	GBR	070
19790316	CHN	LAO	072
19790316	DNK	LKA	070
19790316	FRA	FRA	070
19790316	GRC	GRC	070
19790316	KHM	KHM	070
19790316	SAU	SAU	070
19790316	YEM	CUB	070
19790316	YEM	CUB	070
19790316	YEM	CUB	070
19790317	EGY	USA	072
19790317	EGY	USA	072
19790317	RUS	CUB	070
19790317	UGA	LBY	070
19790317	UGA	LBY	070
19790317	USA	ISR	072
19790317	USA	USA	071
19790317	USA	USA	071
19790318	CHN	VNM	070
19790318	CHN	VNM	070
19790318	SAU	EGY	071
19790318	SAU	EGY	071
19790318	SAU	EGY	071
19790318	SAU	EGY	071
19790318	TZA	UGA	072
19790318	UGA	TZA	072
19790318	UGA	TZA	072
19790318	VNM	KHM	072
19790318	VNM	KHM	072
19790318	ZAF	USA	071
19790319	AFG	IRN	072
19790319	AFG	IRN	072
19790319	AFG	AFG	072
19790319	AFR	USA	073
19790319	AFR	USA	073
19790319	KWT	YEM	072
19790319	KWT	YEM	072
19790319	SDN	ERI	073
19790319	SDN	ERI	073
19790320	PRT	BGR	070
19790320	PRT	BGR	070
19790320	RUS	VNM	070
19790321	CHN	THA	070
19790321	FIN	AFR	070
19790321	RUS	VNM	070
19790321	RUS	VNM	070
19790322	CAN	PAK	071
19790322	CAN	PAK	071
19790322	CAN	PAK	071
19790322	CAN	PAK	071
19790322	CHN	VNM	072
19790322	CHN	VNM	072
19790322	LAO	VNM	070
19790322	PAK	AFG	075
19790322	PAK	AFG	075
19790322	PAK	AFG	075
19790322	PAK	AFG	075
19790322	POL	VNM	070
19790322	POL	VNM	070
19790322	POL	VNM	070
19790322	SEA	THA	070
19790322	BDI	AFR	070
19790322	BDI	AFR	070
19790322	BDI	AFR	070
19790323	AFR	USA	070
19790323	AFR	USA	071
19790323	AFR	USA	071
19790323	AFR	USA	071
19790323	AFR	USA	071
19790323	CHN	LAO	072
19790323	EGY	USA	071
19790323	EGY	USA	071
19790323	FRA	JPN	072
19790323	IRN	AFG	073
19790323	LBY	UGA	072
19790323	LBY	UGA	072
19790323	LBY	UGA	072
19790323	RUS	VNM	072
19790323	RUS	VNM	072
19790323	TZA	TZA	075
19790323	TZA	TZA	075
19790323	ZAF	USA	070
19790323	ZAF	USA	071
19790323	ZAF	USA	071
19790323	ZAF	USA	071
19790323	ZAF	USA	071
19790323	IRN	AFG	073
19790323	IRN	AFG	073
19790324	BLR	BLR	073
19790324	FIN	IRQ	071
19790324	ZAF	AFR	072
19790325	BGR	GRC	070
19790325	BGR	GRC	070
19790325	BGR	GRC	070
19790325	CHN	VNM	070
19790326	CHN	VNM	070
19790326	RUS	RUS	070
19790326	RUS	RUS	070
19790326	RUS	SYR	070
19790326	SYR	RUS	070
19790326	SYR	RUS	070
19790326	THA	VNM	073
19790326	THA	VNM	073
19790326	USA	EGY	071
19790326	USA	EGY	071
19790327	DZA	FRA	073
19790327	DZA	FRA	073
19790327	RUS	CPV	070
19790327	RUS	CPV	070
19790328	AUS	LKA	070
19790328	AUS	LKA	070
19790328	PHL	PHL	072
19790328	PHL	PHL	072
19790328	VNM	RUS	070
19790328	GBR	IRN	071
19790328	PAK	IRN	071
19790328	TUR	IRN	071
19790329	CUB	AGO	070
19790329	DEU	EGY	071
19790329	DEU	EGY	071
19790329	DEU	EGY	071
19790329	ISR	USA	070
19790329	MLI	FJI	070
19790329	RUS	VNM	072
19790329	USA	USA	073
19790329	YEM	CUB	073
19790329	YEM	CUB	073
19790329	YEM	CUB	073
19790329	MLI	FJI	070
19790330	AUS	AUS	070
19790330	EGY	EGY	074
19790330	EGY	EGY	074
19790330	JPN	IDN	071
19790330	KHM	VNM	075
19790330	KHM	VNM	075
19790330	KHM	VNM	075
19790330	KHM	VNM	075
19790330	RUS	AFG	073
19790330	RUS	AFG	073
19790330	RUS	AFG	073
19790330	RUS	USA	070
19790330	USA	AFG	072
19790330	USA	AFG	072
19790330	USA	AFG	072
19790330	USA	AFG	072
19790330	USA	USA	071
19790330	VNM	CHN	070
19790330	AUS	AUS	070
19790331	DEU	VNM	070
19790331	DEU	VNM	070
19790331	DEU	VNM	070
19790331	EGY	EUR	071
19790331	EGY	MEA	071
19790331	EGY	EGY	071
19790331	EGY	MEA	071
19790331	EUR	EGY	071
19790331	LBY	UGA	073
19790331	UGA	LBY	073
19790331	UGA	LBY	073
19790331	UGA	LBY	073
19790401	CHN	MYS	070
19790401	EUR	TUR	071
19790401	LBY	UGA	072
19790401	LBY	UGA	073
19790401	LBY	UGA	073
19790401	LBY	UGA	073
19790401	NLD	MMR	070
19790401	SAU	AFR	071
19790401	SAU	AFR	071
19790401	SWE	MOZ	071
19790401	EUR	TUR	071
19790401	NLD	MMR	070
19790401	SWE	MOZ	071
19790401	SWE	MOZ	071
19790402	AFR	AFR	070
19790402	EGY	ISR	070
19790402	KEN	LBY	070
19790402	RUS	MNG	070
19790402	TCD	NGA	075
19790402	TCD	NGA	075
19790402	TZA	UGA	072
19790402	TZA	UGA	072
19790402	TZA	UGA	072
19790402	TZA	UGA	072
19790403	CHN	KHM	072
19790403	CHN	KHM	072
19790403	CHN	KHM	072
19790403	CHN	KHM	072
19790403	ISR	EGY	070
19790403	ISR	EGY	070
19790403	KHM	KHM	072
19790403	LBY	TZA	072
19790403	LBY	TZA	072
19790403	VNM	KHM	072
19790404	BLR	AGO	072
19790404	BLR	AGO	072
19790404	JPN	CHN	070
19790404	RUS	AGO	072
19790404	RUS	AGO	072
19790404	VNM	CHN	071
19790404	VNM	CHN	071
19790405	CHN	CAF	071
19790405	KHM	VNM	070
19790405	KWT	SYR	071
19790405	KWT	SYR	071
19790406	AUS	LBY	072
19790406	AUS	LBY	072
19790406	AUS	LBY	072
19790406	FRA	IRN	073
19790406	WST	EUR	070
19790406	THA	KHM	073
19790406	THA	KHM	073
19790406	TZA	LBY	072
19790406	VNM	KHM	072
19790406	WST	EUR	070
19790407	CHN	VNM	073
19790407	CHN	VNM	073
19790407	FRA	CMR	070
19790407	LBY	UGA	070
19790407	LBY	UGA	072
19790407	LBY	UGA	072
19790407	LBY	UGA	072
19790407	SAU	CHN	073
19790407	SAU	CHN	073
19790407	THA	KHM	073
19790407	TZA	LBY	070
19790407	TZA	LBY	070
19790407	TZA	UGA	071
19790407	TZA	UGA	071
19790407	TZA	UGA	072
19790407	TZA	UGA	072
19790407	TZA	UGA	071
19790407	FRA	CMR	070
19790407	FRA	CMR	070
19790408	EGY	MEA	071
19790408	EGY	MEA	071
19790408	KEN	UGA	073
19790408	KEN	UGA	073
19790408	VNM	KHM	072
19790408	ZWE	USA	073
19790409	MAR	UGA	071
19790409	PAK	AFG	075
19790409	PAK	AFG	075
19790409	TUR	RUS	070
19790410	AUS	SEA	070
19790410	CZE	EUR	070
19790410	EUR	TUR	071
19790410	WST	EUR	070
19790410	RUS	IRN	072
19790410	RUS	IRN	072
19790410	USA	EGY	070
19790410	EUR	TUR	071
19790411	AFR	AFR	072
19790411	AFR	AFR	072
19790411	AFR	AFR	072
19790411	FRA	FRA	070
19790411	THA	VNM	075
19790411	USA	ISR	072
19790411	RUS	ISR	072
19790411	USA	ISR	072
19790412	FRA	LKA	070
19790412	THA	KHM	073
19790412	FRA	LKA	070
19790412	FRA	LKA	070
19790412	THA	KHM	073
19790412	THA	KHM	073
19790413	POL	POL	070
19790416	COL	USA	070
19790416	COL	USA	070
19790416	EGY	IRN	071
19790416	EGY	IRN	071
19790416	JPN	CHN	070
19790416	KHM	KHM	073
19790416	RUS	CHN	072
19790416	RUS	CHN	072
19790416	RUS	VNM	071
19790416	USA	COL	070
19790416	USA	COL	070
19790416	VNM	RUS	072
19790417	BRB	VCT	073
19790417	CHN	YEM	073
19790417	CHN	YEM	073
19790417	CHN	CHN	073
19790417	CHN	CHN	073
19790417	CHN	YEM	073
19790417	CHN	YEM	073
19790417	RUS	VNM	071
19790417	RUS	RUS	070
19790417	USA	USA	070
19790417	YEM	CHN	073
19790417	YEM	CHN	073
19790417	BRB	VCT	073
19790418	TUN	EGY	071
19790419	CIV	TGO	072
19790419	EGY	USA	072
19790419	JPN	PRK	071
19790419	KEN	KEN	073
19790419	KEN	KEN	073
19790419	KEN	UGA	073
19790419	KEN	UGA	073
19790419	KEN	UGA	073
19790419	KEN	UGA	073
19790419	KEN	UGA	073
19790419	KEN	UGA	073
19790419	KOR	PRK	071
19790419	KOR	PRK	071
19790419	USA	EGY	071
19790419	USA	EGY	071
19790419	CIV	TGO	072
19790419	CIV	TGO	072
19790420	ISR	UGA	073
19790420	ISR	UGA	073
19790420	RUS	VNM	071
19790420	RUS	VNM	071
19790420	USA	DEU	071
19790421	AFG	RUS	072
19790421	CHN	JPN	070
19790421	CHN	JPN	070
19790421	JPN	THA	071
19790421	POL	RUS	070
19790421	POL	RUS	070
19790421	RUS	IRN	070
19790421	RUS	USA	070
19790421	RUS	USA	070
19790421	THA	KHM	073
19790421	THA	KHM	073
19790421	JPN	THA	071
19790422	BEL	SDN	070
19790422	ITA	CHN	071
19790422	ITA	CHN	071
19790422	ITA	CHN	071
19790422	JOR	JOR	073
19790422	RUS	AFG	072
19790422	THA	KHM	073
19790422	THA	KHM	073
19790422	JOR	JOR	073
19790422	JOR	JOR	073
19790423	SVK	CUB	070
19790423	SVK	CUB	070
19790423	UGA	TZA	072
19790423	VNM	KHM	072
19790424	NOR	MOZ	070
19790424	SYR	SYR	071
19790424	THA	KHM	073
19790424	THA	KHM	073
19790424	NOR	MOZ	070
19790424	NOR	MOZ	070
19790424	RUS	NOR	072
19790424	RUS	NOR	072
19790425	KEN	UGA	070
19790425	RUS	RUS	072
19790425	TZA	UGA	072
19790425	TZA	UGA	072
19790425	TZA	UGA	072
19790425	TZA	UGA	072
19790425	KEN	UGA	070
19790425	KEN	UGA	070
19790425	KEN	UGA	070
19790426	CHN	JPN	070
19790426	CHN	JPN	070
19790426	CHN	VNM	070
19790426	ISR	USA	072
19790426	RUS	POL	070
19790426	RUS	POL	070
19790426	VNM	VNM	070
19790427	AUS	IDN	071
19790427	AUS	AUS	071
19790427	BGR	BGR	070
19790427	CAN	CAN	070
19790427	CHN	VNM	071
19790427	RUS	BGR	070
19790427	RUS	BGR	070
19790427	RUS	BGR	070
19790427	THA	KHM	073
19790427	THA	KHM	073
19790427	THA	VNM	073
19790427	THA	VNM	073
19790427	THA	VNM	073
19790427	TUR	GRC	075
19790427	TUR	GRC	075
19790427	UGA	UGA	073
19790427	UGA	UGA	073
19790427	USA	QAT	071
19790427	VNM	LAO	072
19790427	VNM	LAO	072
19790427	KEN	UGA	071
19790427	KEN	UGA	071
19790427	RUS	VNM	073
19790427	RUS	VNM	073
19790428	BEL	BGD	071
19790428	KHM	KHM	071
19790428	RUS	FRA	073
19790428	THA	KHM	073
19790429	AFR	USA	071
19790429	CHN	KHM	072
19790429	KHM	KHM	072
19790429	SWE	AFR	070
19790429	SWE	AFR	070
19790429	USA	EGY	071
19790429	USA	EGY	071
19790430	AFR	USA	071
19790430	AFR	USA	071
19790502	CHE	CHN	073
19790502	CHE	CHN	073
19790502	EGY	SAU	071
19790502	EGY	SAU	071
19790502	EGY	SAU	071
19790502	EGY	SAU	071
19790502	FRA	AFR	071
19790502	FRA	AFR	071
19790502	KHM	RUS	070
19790502	LBR	JPN	070
19790502	LBR	JPN	070
19790502	NOR	UGA	071
19790503	AFR	USA	071
19790503	COD	EUR	071
19790503	AFR	COD	071
19790503	VNM	KHM	072
19790503	ZAF	USA	071
19790503	ZAF	USA	071
19790504	KHM	RUS	073
19790504	MYS	VNM	075
19790504	USA	USA	071
19790504	VNM	KHM	072
19790504	VNM	KHM	072
19790504	VNM	KHM	072
19790505	LBY	UGA	072
19790505	LBY	UGA	072
19790505	LBY	UGA	072
19790505	LBY	UGA	072
19790505	LBY	UGA	072
19790507	CUB	ESP	070
19790507	ITA	POL	070
19790507	ITA	POL	070
19790507	JPN	CHN	070
19790507	USA	SAU	071
19790507	USA	SAU	071
19790507	USA	SAU	071
19790507	VNM	ESP	070
19790507	VNM	ESP	070
19790508	GBR	USA	071
19790508	GBR	USA	071
19790508	KEN	UGA	073
19790508	USA	USA	073
19790508	USA	USA	072
19790509	CHN	MYS	070
19790509	CHN	PHL	070
19790509	CHN	PHL	070
19790509	EGY	TUN	071
19790509	GBR	USA	071
19790509	GBR	USA	071
19790509	LBN	IRL	072
19790509	LBN	IRL	072
19790509	MYS	PHL	070
19790509	NGA	IRL	072
19790509	NLD	IRL	072
19790509	SEN	IRL	072
19790509	THA	LAO	070
19790510	DEU	DEU	075
19790510	DEU	USA	075
19790510	ISR	PSE	070
19790510	ISR	PSE	070
19790510	ISR	PSE	070
19790510	ISR	PSE	070
19790510	ISR	PSE	070
19790510	USA	EGY	071
19790510	USA	EGY	071
19790511	PHL	CHE	071
19790511	JOR	JOR	072
19790511	PHL	CHE	071
19790512	EUR	UGA	071
19790512	GBR	POL	070
19790512	GBR	UGA	071
19790512	IRN	ZWE	071
19790512	MAR	ISR	071
19790512	MOZ	MOZ	070
19790512	POL	POL	070
19790512	THA	LAO	073
19790512	THA	LAO	073
19790512	THA	LAO	073
19790512	THA	LAO	073
19790512	THA	VNM	073
19790512	THA	VNM	073
19790512	EUR	UGA	071
19790512	GBR	UGA	071
19790512	GBR	UGA	071
19790512	GBR	UGA	071
19790512	GBR	UGA	071
19790512	THA	LAO	073
19790512	THA	LAO	073
19790512	TZA	DEU	070
19790512	TZA	DEU	070
19790512	TZA	DEU	070
19790513	GBR	EGY	071
19790513	JPN	EGY	071
19790513	RUS	KHM	070
19790513	GBR	EGY	071
19790513	GBR	EGY	071
19790513	GBR	EGY	071
19790513	JPN	EGY	071
19790513	JPN	EGY	071
19790513	JPN	EGY	071
19790514	EUR	AFR	070
19790514	POL	BGR	072
19790514	RUS	BGR	072
19790514	RUS	BGR	072
19790515	THA	VNM	073
19790515	THA	VNM	073
19790515	THA	VNM	073
19790515	USA	NIC	071
19790515	USA	NIC	071
19790515	USA	TUR	070
19790515	USA	USA	070
19790515	ZWE	MOZ	070
19790516	FRA	CAF	071
19790516	FRA	CAF	071
19790516	SEA	IRL	075
19790516	SEA	PHL	075
19790516	NGA	AFR	071
19790516	NGA	MOZ	070
19790516	PAK	AFG	070
19790516	PAK	AFG	070
19790516	THA	THA	072
19790516	NGA	AFR	071
19790516	NGA	AFR	071
19790516	NGA	MOZ	070
19790517	DZA	CHN	071
19790517	DZA	DZA	071
19790517	TTO	VCT	070
19790517	USA	COL	073
19790517	TTO	VCT	070
19790517	TTO	VCT	071
19790518	CHN	CHN	071
19790518	CHN	USA	071
19790518	CHN	USA	071
19790518	ITA	ITA	073
19790518	ITA	ITA	073
19790518	ITA	ITA	075
19790518	ITA	ITA	075
19790518	THA	LAO	075
19790518	USA	CHN	071
19790518	USA	CHN	071
19790519	BGD	USA	071
19790519	CAN	CHN	071
19790519	ESP	SDN	071
19790519	ESP	SDN	071
19790519	ETH	ZWE	072
19790519	ETH	ZWE	072
19790519	LBN	SYR	074
19790519	LKA	PAK	070
19790519	LKA	PAK	070
19790519	USA	AFR	071
19790519	USA	PAN	070
19790519	USA	PAN	070
19790519	USA	AFR	071
19790519	USA	AFR	071
19790520	WST	TUR	070
19790520	THA	KHM	073
19790520	USA	PAN	070
19790520	USA	PAN	070
19790520	WST	TUR	070
19790520	WST	TUR	070
19790521	GBR	WST	070
19790521	GBR	WST	070
19790521	GBR	WST	070
19790521	POL	FRA	072
19790522	CHN	RUS	070
19790522	CHN	USA	070
19790522	DEU	WST	070
19790522	DEU	WST	070
19790522	ESP	USA	073
19790522	GBR	ZWE	073
19790522	USA	DZA	071
19790523	GBR	GBR	072
19790523	GBR	GBR	072
19790523	MDG	MDG	070
19790523	RUS	CUB	072
19790523	RUS	CUB	072
19790523	RUS	DEU	072
19790523	RUS	DEU	072
19790524	JPN	JPN	070
19790524	MDG	RUS	070
19790524	MDG	RUS	070
19790524	RUS	VNM	073
19790524	RUS	VNM	073
19790524	THA	VNM	073
19790524	THA	VNM	073
19790524	VNM	THA	072
19790524	VNM	THA	072
19790525	AUT	MOZ	071
19790525	CZE	RUS	070
19790525	CZE	RUS	070
19790525	IDN	VNM	073
19790525	IDN	VNM	073
19790525	IDN	VNM	073
19790525	IRN	IRN	075
19790525	MEX	NIC	073
19790525	MEX	NIC	073
19790525	MEX	NIC	073
19790525	MYS	VNM	073
19790525	MYS	VNM	073
19790525	MYS	VNM	073
19790525	RUS	CZE	070
19790525	RUS	RUS	070
19790525	RUS	RUS	070
19790525	USA	UGA	072
19790525	USA	UGA	072
19790525	USA	USA	070
19790525	USA	USA	070
19790525	AUT	MOZ	071
19790525	VNM	THA	072
19790525	VNM	THA	072
19790525	VNM	THA	072
19790526	THA	KHM	073
19790526	THA	KHM	073
19790526	DEU	PER	071
19790526	DEU	PER	071
19790527	CHL	COD	070
19790527	CHL	KEN	070
19790527	CHL	NGA	070
19790527	RUS	EUR	070
19790527	THA	IDN	071
19790527	VNM	KHM	075
19790527	CHL	COD	070
19790527	CHL	KEN	070
19790527	CHL	NGA	070
19790527	DEU	PER	071
19790528	CHN	CAN	071
19790528	CHN	CHN	071
19790528	CHN	GBR	074
19790528	CHN	USA	071
19790528	CHN	USA	071
19790528	MOZ	MOZ	070
19790528	POL	ETH	070
19790528	POL	ETH	070
19790528	RUS	AFR	072
19790528	SWE	GBR	075
19790528	USA	VNM	073
19790528	USA	VNM	073
19790528	USA	VNM	073
19790529	CHN	VNM	072
19790529	JPN	MMR	071
19790529	LSO	ZAF	075
19790529	PER	CHL	070
19790529	PER	CHL	070
19790529	THA	THA	075
19790529	THA	THA	075
19790529	THA	THA	075
19790529	VNM	SEA	072
19790529	VNM	SEA	072
19790530	CHN	VNM	070
19790530	CHN	VNM	070
19790530	CHN	VNM	070
19790530	CHN	VNM	070
19790530	GBR	CHN	073
19790530	GBR	USA	073
19790530	IRN	IRQ	075
19790530	IRN	IRQ	075
19790530	ISR	UGA	073
19790530	ISR	UGA	073
19790530	ISR	UGA	073
19790530	SAU	PAK	071
19790530	USA	ISR	071
19790530	VNM	CHN	070
19790530	VNM	CHN	070
19790530	VNM	CHN	070
19790530	VNM	CHN	070
19790531	EUR	BDI	071
19790531	JOR	JOR	072
19790531	JPN	CHN	070
19790531	USA	AFR	071
19790531	USA	AFR	071
19790601	BHS	BHS	075
19790601	CHN	VNM	072
19790601	DEU	AFR	072
19790601	DEU	AFR	072
19790601	DEU	LAO	072
19790601	PAN	PAN	075
19790601	PAN	PAN	075
19790601	VNM	CHN	073
19790602	AUS	BGD	073
19790602	BHS	BHS	075
19790602	BHS	BHS	075
19790602	HND	NIC	073
19790602	HND	NIC	073
19790602	HND	NIC	073
19790602	USA	USA	071
19790602	VNM	SEA	070
19790603	GBR	BHS	070
19790603	HND	NIC	073
19790603	HND	NIC	073
19790603	HND	NIC	073
19790603	MMR	CHN	072
19790603	MMR	CHN	072
19790604	CMR	SAU	071
19790604	GBR	ESP	070
19790604	MYS	VNM	073
19790604	MYS	VNM	073
19790604	MYS	VNM	073
19790604	USA	USA	071
19790604	USA	USA	071
19790605	CHN	RUS	070
19790606	PAK	AFG	073
19790606	POL	POL	071
19790606	POL	POL	071
19790606	RUS	THA	073
19790606	THA	THA	072
19790606	THA	VNM	073
19790606	THA	THA	073
19790606	THA	THA	073
19790606	THA	THA	073
19790606	PAK	AFG	073
19790606	THA	THA	072
19790606	THA	VNM	073
19790606	THA	THA	073
19790606	THA	THA	073
19790607	IRQ	YEM	070
19790607	THA	VNM	073
19790607	THA	VNM	073
19790607	THA	VNM	073
19790607	VNM	THA	072
19790607	VNM	THA	072
19790607	VNM	THA	072
19790607	VNM	THA	073
19790607	IRQ	YEM	070
19790607	THA	VNM	073
19790607	THA	VNM	073
19790607	VNM	THA	073
19790608	BGD	MMR	075
19790608	BGD	MMR	075
19790608	JOR	JOR	071
19790608	KEN	GBR	070
19790608	KEN	GBR	070
19790608	KEN	GBR	070
19790608	KEN	KEN	070
19790608	MOZ	ZWE	073
19790608	MOZ	ZWE	073
19790608	MOZ	ZWE	073
19790608	NGA	NGA	071
19790608	THA	KHM	073
19790608	JOR	JOR	071
19790609	THA	SEA	072
19790609	THA	SEA	072
19790609	THA	SEA	072
19790610	NGA	ZWE	071
19790610	USA	USA	072
19790610	USA	USA	072
19790610	NGA	ZWE	071
19790610	NGA	ZWE	071
19790611	AFR	GRC	073
19790611	EGY	PSE	070
19790611	KHM	VNM	070
19790611	PAK	RUS	075
19790611	PAK	RUS	075
19790611	PSE	EGY	070
19790611	THA	KHM	072
19790611	THA	THA	072
19790611	THA	THA	072
19790611	THA	KHM	072
19790611	USA	PSE	070
19790611	USA	USA	070
19790611	ZAF	GRC	073
19790611	ZAF	GRC	073
19790611	VEN	USA	070
19790611	VEN	USA	070
19790612	CHN	CHL	071
19790612	JPN	IDN	070
19790612	VNM	CHN	072
19790612	VNM	KHM	072
19790612	VNM	SEA	072
19790612	VNM	SEA	072
19790612	VNM	KHM	072
19790612	VNM	KHM	072
19790613	AFR	ZAF	071
19790613	MMR	BGD	073
19790613	MMR	BGD	073
19790613	PAN	USA	073
19790613	PAN	USA	073
19790613	PAN	USA	073
19790613	THA	KHM	073
19790613	USA	KEN	071
19790613	USA	NIC	073
19790613	USA	NIC	073
19790613	USA	NIC	073
19790614	EUR	ESP	070
19790614	EUR	ESP	070
19790614	FIN	CAN	071
19790614	FIN	CAN	071
19790614	GBR	CAN	071
19790614	GBR	CAN	071
19790614	JPN	CAN	071
19790614	JPN	CAN	071
19790614	JPN	EGY	071
19790614	JPN	EGY	071
19790614	JPN	EGY	071
19790614	JPN	EGY	071
19790614	NLD	CAN	071
19790614	NLD	CAN	071
19790614	RUS	GBR	072
19790614	RUS	GBR	072
19790614	SWE	CAN	071
19790614	SWE	CAN	071
19790614	USA	NIC	073
19790615	CUB	VNM	072
19790615	CUB	VNM	072
19790615	CUB	VNM	072
19790615	ESP	CRI	073
19790615	ESP	CRI	073
19790615	ESP	CRI	073
19790615	ESP	GTM	073
19790615	ESP	GTM	073
19790615	ESP	GTM	073
19790615	ESP	ESP	073
19790615	ESP	ESP	073
19790615	FRA	KHM	073
19790615	FRA	KHM	073
19790615	MEX	MEX	072
19790615	MEX	MEX	072
19790615	MEX	USA	072
19790615	MEX	USA	072
19790615	MEX	USA	072
19790615	VNM	MYS	070
19790616	GBR	GBR	070
19790616	IRN	AFG	072
19790617	USA	PAN	073
19790617	VNM	MYS	073
19790617	VNM	MYS	073
19790617	VNM	MYS	073
19790618	BGD	MMR	073
19790618	BGD	MMR	073
19790618	ESP	SEN	071
19790618	ESP	SEN	071
19790618	LBN	SYR	070
19790618	MOZ	ZWE	070
19790618	MYS	MYS	073
19790618	TZA	BEL	071
19790618	TZA	BEL	071
19790618	DEU	JOR	070
19790618	DEU	JOR	070
19790618	MOZ	ZWE	070
19790619	AFR	NGA	070
19790619	BGR	HUN	070
19790619	BGR	RUS	070
19790619	BGR	RUS	070
19790619	BGR	RUS	070
19790619	HUN	RUS	070
19790619	HUN	RUS	070
19790619	HUN	RUS	070
19790619	JPN	JPN	070
19790619	JPN	JPN	070
19790619	NGA	AFR	070
19790619	NGA	ZAF	070
19790619	NGA	ZAF	070
19790619	NGA	ZAF	070
19790619	RUS	AFG	072
19790619	ZAF	NGA	070
19790619	ZAF	NGA	070
19790619	ZAF	NGA	070
19790619	ISR	ISR	072
19790620	BEL	TZA	071
19790620	BGR	ESP	070
19790620	BGR	ESP	070
19790620	BGR	USA	072
19790620	HUN	ESP	070
19790620	JPN	BRN	073
19790620	JPN	CHN	073
19790620	JPN	CHN	073
19790620	KHM	RUS	070
19790620	KHM	KHM	070
19790620	KHM	RUS	070
19790620	KHM	RUS	070
19790620	RUS	MAR	070
19790620	RUS	MAR	070
19790620	RUS	MAR	070
19790620	BEL	TZA	071
19790620	BEL	TZA	071
19790620	BEL	TZA	071
19790621	CHN	CHN	071
19790621	THA	KHM	073
19790621	VNM	THA	072
19790621	VNM	THA	072
19790621	VNM	THA	072
19790621	VNM	THA	072
19790621	VNM	THA	072
19790621	THA	KHM	073
19790621	THA	KHM	073
19790622	AFR	BEN	071
19790622	AUT	AUT	070
19790622	IRN	AFG	075
19790622	IRN	AFG	075
19790622	PAK	AFG	075
19790622	VNM	THA	072
19790622	AFR	BEN	071
19790622	VNM	THA	072
19790622	VNM	THA	072
19790622	VNM	THA	072
19790623	EGY	EGY	071
19790623	EGY	AFR	071
19790623	IRN	MEX	070
19790623	IRN	MEX	070
19790623	PAK	AFG	072
19790623	SAU	YEM	071
19790623	SAU	YEM	071
19790624	CRI	CRI	075
19790624	CUB	AGO	072
19790624	NIC	CRI	070
19790624	CUB	AGO	072
19790625	CUB	NIC	070
19790626	CHN	BRN	073
19790626	GBR	CHN	072
19790626	GBR	CHN	072
19790626	ITA	ITA	073
19790626	JPN	USA	070
19790626	USA	DOM	073
19790626	USA	VNM	070
19790626	VNM	FRA	073
19790626	VNM	VNM	073
19790627	DEU	GBR	073
19790627	DEU	GBR	073
19790627	FRA	VNM	070
19790627	GBR	DEU	073
19790627	ITA	ITA	073
19790627	JPN	VNM	070
19790627	NGA	GHA	072
19790627	NGA	GHA	072
19790627	VNM	CUB	070
19790627	VNM	CUB	070
19790627	VNM	CUB	070
19790627	VNM	MNG	070
19790628	CRI	NIC	073
19790628	GBR	PAK	071
19790628	THA	THA	070
19790628	TUN	LBN	070
19790628	VNM	CHN	072
19790628	VNM	CHN	072
19790628	GBR	PAK	071
19790629	AFR	MOZ	071
19790629	CUB	AFR	072
19790629	CUB	AFR	072
19790629	CUB	YEM	072
19790629	CUB	YEM	072
19790629	GBR	KEN	071
19790629	GBR	KEN	071
19790629	RUS	EGY	070
19790629	RUS	EGY	070
19790629	RUS	SEA	072
19790629	SEA	AUS	075
19790629	SEA	VNM	075
19790630	AUT	HUN	070
19790630	AUT	HUN	070
19790630	KHM	VNM	073
19790630	POL	POL	070
19790630	THA	FRA	073
19790630	USA	PAN	073
19790630	USA	PAN	073
19790701	AFR	AFR	070
19790701	IDN	VNM	073
19790701	IDN	VNM	073
19790701	ISR	VNM	073
19790701	ISR	VNM	073
19790701	USA	CUB	075
19790701	AFR	AFR	070
19790702	HUN	BGR	073
19790702	JPN	SEA	071
19790702	VNM	BGR	073
19790703	EGY	IRN	075
19790703	EGY	ISR	071
19790703	EGY	ISR	071
19790703	ISR	EGY	071
19790703	ISR	EGY	071
19790703	POL	VEN	070
19790703	POL	VEN	070
19790704	NIC	CRI	075
19790704	NIC	CRI	075
19790705	CUB	ETH	070
19790705	CUB	ETH	070
19790705	CUB	MOZ	070
19790705	CUB	MOZ	070
19790705	CUB	ZMB	070
19790705	CUB	ZMB	070
19790705	ETH	ZMB	070
19790705	ETH	ZMB	070
19790705	KWT	MRT	071
19790705	LAO	KHM	070
19790705	LAO	KHM	070
19790705	LAO	KHM	070
19790705	LAO	KHM	073
19790705	LAO	KHM	073
19790705	LAO	KHM	073
19790705	MOZ	ZMB	070
19790705	MOZ	ZMB	070
19790705	NIC	NIC	073
19790705	NIC	NIC	073
19790705	RUS	ETH	070
19790705	RUS	MOZ	070
19790705	RUS	MOZ	070
19790705	RUS	ZMB	070
19790705	RUS	ZMB	070
19790705	THA	THA	071
19790705	THA	VNM	073
19790705	THA	VNM	073
19790705	THA	VNM	073
19790705	THA	VNM	073
19790706	CHN	PHL	070
19790706	CHN	PHL	070
19790706	MEX	NIC	073
19790706	MYS	USA	073
19790706	RUS	RUS	070
19790706	USA	ISR	070
19790706	USA	ISR	070
19790706	USA	ISR	070
19790706	USA	ISR	070
19790706	USA	PSE	072
19790706	USA	PSE	072
19790706	MEX	NIC	073
19790706	MEX	NIC	073
19790707	BLR	RUS	072
19790707	BLR	RUS	072
19790707	CHN	VNM	075
19790707	IDN	VNM	075
19790707	RUS	RUS	072
19790707	SEA	VNM	073
19790707	SEA	VNM	073
19790708	CHN	CHN	072
19790708	CHN	CHN	072
19790708	CHN	CHN	072
19790708	FRA	VNM	073
19790708	IDN	VNM	075
19790708	IDN	VNM	075
19790708	IDN	VNM	075
19790708	IRN	IRN	071
19790708	VNM	AUS	070
19790708	FRA	VNM	073
19790708	FRA	VNM	073
19790709	BGR	TUR	070
19790709	BGR	TUR	070
19790709	TUR	BGR	070
19790709	TUR	BGR	070
19790709	USA	BRN	073
19790709	USA	CHN	073
19790709	USA	CHN	075
19790709	USA	VNM	075
19790709	VNM	CHN	073
19790710	AGO	CUB	072
19790710	CUB	CUB	070
19790710	CUB	VNM	072
19790710	CUB	VNM	072
19790710	FRA	VNM	073
19790710	FRA	VNM	075
19790710	FRA	VNM	073
19790710	FRA	VNM	075
19790710	LKA	FRA	070
19790711	JPN	LAO	070
19790711	JPN	LAO	070
19790711	JPN	LAO	070
19790711	JPN	LAO	070
19790711	KHM	THA	073
19790711	KHM	THA	073
19790711	KHM	THA	073
19790711	KHM	THA	073
19790712	LAO	THA	073
19790712	LBN	TUN	073
19790712	LBN	TUN	073
19790712	MWI	MWI	071
19790712	PAK	PAK	075
19790712	RUS	AFG	070
19790712	RUS	AFG	070
19790712	RUS	AFG	070
19790712	USA	NIC	070
19790712	USA	NIC	070
19790712	USA	NIC	070
19790713	CHN	CHN	073
19790713	HUN	CYP	070
19790713	IRQ	POL	070
19790713	IRQ	POL	070
19790713	MYS	MYS	073
19790713	PAK	AFG	073
19790713	PAK	AFG	073
19790713	PAK	AFG	073
19790713	UGA	TZA	072
19790714	BEL	DEU	073
19790714	BEL	GBR	073
19790714	BEL	GBR	073
19790714	ITA	VNM	073
19790714	NGA	NGA	070
19790714	RUS	BLR	072
19790714	THA	VNM	073
19790714	USA	WST	070
19790714	ITA	VNM	073
19790714	ITA	VNM	073
19790714	THA	VNM	073
19790714	THA	VNM	073
19790714	THA	VNM	073
19790715	DEU	MMR	071
19790716	CHN	JPN	070
19790716	CHN	JPN	070
19790716	IRN	USA	071
19790716	IRN	USA	071
19790716	ISR	ETH	072
19790716	ISR	ETH	072
19790716	ISR	ETH	072
19790716	ISR	PSE	071
19790716	SEA	VNM	073
19790716	SEA	THA	075
19790717	CAN	VNM	073
19790717	CAN	VNM	073
19790717	USA	USA	072
19790717	SEA	THA	075
19790718	BGD	BGD	070
19790718	DEU	TUR	070
19790718	GBR	EUR	070
19790718	KHM	KHM	072
19790718	UGA	KEN	072
19790718	UGA	KEN	072
19790718	UGA	KEN	072
19790718	VNM	KHM	072
19790718	VNM	KHM	072
19790719	BEL	BGD	071
19790719	CHN	KHM	070
19790719	IDN	IDN	070
19790719	KHM	KHM	070
19790719	THA	KHM	073
19790719	VNM	CHN	073
19790719	BEL	BGD	071
19790720	CHN	CHN	070
19790720	CHN	KHM	072
19790720	CHN	KHM	072
19790720	FRA	KHM	072
19790720	IRQ	JOR	071
19790720	NIC	USA	075
19790720	NIC	USA	075
19790720	VNM	KHM	072
19790720	IRQ	JOR	071
19790720	IRQ	JOR	071
19790721	GTM	CUB	070
19790721	GTM	CUB	070
19790721	HND	CUB	070
19790721	HND	CUB	070
19790721	HND	CUB	070
19790721	IRN	VNM	070
19790721	IRN	VNM	070
19790721	NIC	CUB	070
19790721	NIC	CUB	070
19790721	NIC	CUB	070
19790721	PAK	AFG	075
19790721	SLV	CUB	070
19790721	SLV	CUB	070
19790721	SLV	CUB	070
19790721	VNM	IRN	070
19790721	AFR	AFR	070
19790721	MYS	VNM	071
19790721	MYS	VNM	071
19790721	PAK	AFG	075
19790722	USA	CUB	073
19790722	USA	CUB	073
19790722	USA	PHL	075
19790722	USA	PHL	075
19790723	CHL	AFR	072
19790723	FRA	CHN	073
19790723	FRA	CHN	073
19790723	FRA	BRN	073
19790723	FRA	BRN	073
19790723	FRA	CHN	073
19790723	FRA	USA	073
19790723	FRA	USA	073
19790723	GBR	FRA	071
19790723	GBR	FRA	071
19790723	GBR	FRA	071
19790723	GBR	GBR	073
19790723	ITA	CHN	073
19790723	ITA	CHN	073
19790723	ITA	CHN	073
19790723	JPN	THA	070
19790723	USA	CHE	075
19790724	CHE	FRA	071
19790724	CHE	FRA	071
19790724	USA	ZWE	071
19790724	USA	ZWE	071
19790724	ZAF	AFR	073
19790725	IRN	IRN	070
19790725	IRN	IRN	070
19790726	CHN	CHN	073
19790726	EGY	EGY	074
19790726	GBR	GBR	070
19790726	GBR	GBR	070
19790726	LBN	IRQ	071
19790726	PAK	AFG	075
19790726	PRT	PRT	073
19790726	RUS	CHE	070
19790726	ZAF	AFG	075
19790727	CAN	VNM	073
19790727	FRA	TUR	071
19790727	FRA	TUR	071
19790727	FRA	TUR	071
19790727	FRA	TUR	071
19790727	JPN	MMR	070
19790727	JPN	TZA	070
19790727	JPN	TZA	070
19790727	JPN	TZA	070
19790727	KWT	LBN	071
19790727	RUS	EGY	070
19790727	RUS	EGY	070
19790727	RUS	ISR	070
19790727	RUS	ISR	070
19790727	RUS	ISR	070
19790727	SAU	LBN	071
19790727	SEA	CHE	075
19790727	TZA	UGA	072
19790727	TZA	UGA	072
19790727	USA	AFG	070
19790727	USA	MYS	073
19790727	USA	PSE	072
19790727	USA	VNM	073
19790727	USA	VNM	073
19790727	USA	VNM	073
19790727	USA	VNM	073
19790727	USA	VNM	073
19790727	USA	VNM	073
19790727	CAN	VNM	073
19790727	CAN	VNM	073
19790727	CAN	VNM	073
19790727	JPN	MMR	070
19790727	JPN	MMR	070
19790727	JPN	MMR	070
19790727	JPN	MMR	070
19790727	JPN	MMR	070
19790727	KWT	LBN	071
19790727	KWT	LBN	071
19790727	SAU	LBN	071
19790727	SAU	LBN	071
19790727	SAU	LBN	071
19790727	SAU	LBN	071
19790728	CAN	VNM	073
19790728	EGY	ISR	070
19790728	IRQ	IRN	072
19790728	ISR	RUS	070
19790728	ISR	USA	074
19790728	ISR	USA	074
19790728	ISR	USA	074
19790728	ISR	USA	074
19790728	MYS	USA	073
19790728	MYS	USA	073
19790728	MYS	USA	073
19790728	MYS	USA	073
19790728	USA	EGY	072
19790728	USA	EGY	072
19790728	VNM	CHN	073
19790728	VNM	CHN	073
19790728	VNM	USA	073
19790728	VNM	VNM	073
19790728	VNM	VNM	073
19790728	VNM	VNM	075
19790728	CAN	VNM	073
19790728	CAN	VNM	073
19790728	CAN	VNM	073
19790728	CAN	VNM	073
19790728	CAN	VNM	073
19790729	CAN	ZMB	070
19790729	CAN	ZMB	070
19790729	CAN	ZMB	070
19790729	EGY	ISR	074
19790729	GBR	ZMB	070
19790729	GBR	ZMB	070
19790729	USA	ISR	070
19790729	USA	ISR	070
19790729	RUS	CUB	072
19790730	CHN	USA	072
19790730	CHN	USA	072
19790730	CHN	VNM	070
19790730	CHN	VNM	070
19790730	CHN	VNM	070
19790730	CHN	VNM	072
19790730	CHN	VNM	072
19790730	CHN	VNM	072
19790730	CHN	VNM	072
19790730	CHN	VNM	072
19790730	CHN	VNM	072
19790730	JPN	TZA	071
19790730	JPN	VNM	070
19790730	JPN	VNM	070
19790730	KHM	VNM	072
19790730	KHM	VNM	072
19790730	KHM	VNM	072
19790730	KHM	VNM	072
19790730	KHM	VNM	072
19790730	KHM	VNM	072
19790730	LAO	VNM	072
19790730	LAO	VNM	072
19790730	RUS	USA	072
19790730	RUS	USA	072
19790730	VNM	CHN	070
19790730	VNM	CHN	070
19790730	JPN	TZA	071
19790730	JPN	TZA	071
19790730	JPN	TZA	071
19790730	KHM	VNM	072
19790731	ISR	JOR	071
19790731	ITA	BRN	073
19790731	ITA	BRN	073
19790731	ITA	ITA	075
19790731	ITA	BRN	073
19790731	ITA	CHN	073
19790731	PSE	JOR	071
19790731	UGA	UGA	071
19790731	UGA	UGA	071
19790801	KEN	KEN	071
19790801	MYS	VNM	075
19790801	MYS	VNM	075
19790801	ISR	ISR	070
19790802	AUS	VNM	070
19790802	AUS	VNM	070
19790802	CZE	BGR	073
19790802	CZE	BGR	073
19790802	CZE	HUN	073
19790802	HUN	BGR	073
19790802	POL	POL	070
19790802	USA	CHE	071
19790802	USA	USA	073
19790802	VNM	MYS	075
19790802	VNM	MYS	075
19790802	ZWE	GUY	071
19790802	ZWE	GUY	071
19790803	AFR	AFR	070
19790803	DEU	IDN	070
19790803	DEU	IDN	070
19790803	JPN	LKA	070
19790803	JPN	LKA	070
19790803	SGP	KHM	072
19790803	SGP	KHM	072
19790803	SGP	KHM	072
19790803	USA	USA	071
19790803	USA	VNM	073
19790803	USA	VNM	073
19790803	VNM	MYS	073
19790803	ZMB	DEU	070
19790803	ZWE	BWA	073
19790803	AFR	AFR	070
19790803	AFR	AFR	070
19790803	SGP	KHM	072
19790803	VNM	KHM	072
19790803	VNM	KHM	072
19790803	ZWE	ZWE	073
19790803	ZWE	BWA	073
19790803	ZWE	BWA	073
19790804	AUS	VNM	070
19790804	USA	VNM	073
19790804	USA	VNM	073
19790804	USA	VNM	073
19790804	USA	VNM	073
19790804	USA	VNM	073
19790804	VNM	AUT	075
19790804	AUS	VNM	070
19790804	AUS	VNM	070
19790804	VNM	AUT	075
19790805	BWA	LSO	070
19790805	COM	LSO	070
19790805	CPV	LSO	070
19790805	DEU	BRN	073
19790805	DEU	CHN	073
19790805	DEU	CHN	073
19790805	DEU	CHN	073
19790805	DJI	LSO	070
19790805	GNB	LSO	070
19790805	KHM	THA	075
19790805	KHM	THA	075
19790805	KHM	USA	075
19790805	MOZ	LSO	070
19790805	SDN	OMN	072
19790805	SDN	OMN	072
19790805	SGP	CHN	073
19790805	SGP	CHN	073
19790805	STP	LSO	070
19790805	SYC	LSO	070
19790805	THA	KHM	073
19790805	THA	KHM	073
19790805	THA	KHM	073
19790805	THA	LAO	073
19790805	USA	USA	073
19790805	USA	USA	073
19790805	ZMB	LSO	070
19790805	BWA	LSO	070
19790805	BWA	LSO	070
19790805	COM	LSO	070
19790805	COM	LSO	070
19790805	CPV	LSO	070
19790805	CPV	LSO	070
19790805	DJI	LSO	070
19790805	DJI	LSO	070
19790805	GNB	LSO	070
19790805	GNB	LSO	070
19790805	MOZ	LSO	070
19790805	MOZ	LSO	070
19790805	STP	LSO	070
19790805	STP	LSO	070
19790805	SYC	LSO	070
19790805	SYC	LSO	070
19790805	ZMB	LSO	070
19790805	ZMB	LSO	070
19790806	CHE	NLD	073
19790806	CHE	NLD	073
19790806	CHE	NLD	073
19790806	DEU	AFR	071
19790806	DEU	AFR	071
19790806	DEU	ZAF	071
19790806	FIN	VNM	073
19790806	FIN	VNM	073
19790806	FRA	AFR	071
19790806	FRA	AFR	071
19790806	FRA	CHE	073
19790806	FRA	CHE	073
19790806	FRA	ZAF	071
19790806	FRA	ZAF	071
19790806	ISR	AFR	071
19790806	ISR	AFR	071
19790806	ISR	ZAF	071
19790806	ISR	ZAF	071
19790806	USA	AFR	071
19790806	USA	ZAF	071
19790806	USA	ZAF	071
19790806	USA	IDN	071
19790806	VNM	MYS	073
19790806	VNM	MYS	073
19790807	CAN	VNM	073
19790807	CAN	VNM	073
19790807	CAN	VNM	073
19790807	CHN	JPN	073
19790807	MYS	VNM	073
19790807	MYS	VNM	073
19790807	MYS	VNM	073
19790807	MYS	VNM	073
19790807	MYS	VNM	073
19790807	TUR	RUS	070
19790807	USA	VNM	073
19790807	VNM	IDN	075
19790807	VNM	IDN	075
19790808	ISR	EGY	073
19790808	KOR	PRK	072
19790808	PAK	AFG	075
19790808	PAK	AFG	075
19790808	PAK	AFG	075
19790808	PAK	AFG	075
19790808	PSE	JOR	071
19790808	RUS	VNM	070
19790808	RUS	VNM	070
19790808	RUS	ETH	070
19790808	RUS	ETH	070
19790808	VNM	IRL	075
19790808	VNM	USA	071
19790808	VNM	IRL	075
19790808	RUS	THA	072
19790809	AUS	NZL	072
19790809	AUT	RUS	073
19790809	CHN	VNM	072
19790809	CHN	VNM	072
19790809	EGY	ISR	070
19790809	EGY	ISR	070
19790809	EGY	ISR	070
19790809	IDN	AUS	073
19790809	ISR	JOR	071
19790809	JPN	IDN	071
19790809	JPN	IDN	071
19790809	JPN	IDN	071
19790809	KHM	USA	070
19790809	PHL	VNM	073
19790809	PHL	VNM	073
19790809	PHL	VNM	073
19790809	PHL	VNM	073
19790809	THA	VNM	073
19790809	THA	VNM	073
19790809	THA	VNM	073
19790809	USA	IDN	071
19790809	USA	IDN	071
19790809	VNM	CHN	070
19790809	VNM	KHM	070
19790809	VNM	KHM	070
19790809	VNM	LAO	072
19790809	VNM	LAO	072
19790809	VNM	LAO	072
19790809	AUS	NZL	072
19790809	AUS	NZL	072
19790809	BEN	AFR	070
19790809	ESP	MEX	071
19790809	USA	MEX	071
19790809	USA	MEX	071
19790810	BGR	RUS	070
19790810	EGY	SDN	072
19790810	EGY	SDN	072
19790810	KOR	ISR	070
19790810	KOR	PSE	070
19790810	KOR	PSE	070
19790810	RUS	UKR	070
19790810	USA	USA	073
19790810	USA	EGY	072
19790810	USA	EGY	072
19790810	DEU	BGD	071
19790810	DEU	BGD	071
19790810	DEU	BGD	071
19790811	CUB	CUB	073
19790811	EGY	IRQ	072
19790811	UGA	AUS	071
19790811	UGA	AUS	071
19790811	UGA	AUS	071
19790812	CHN	VNM	072
19790812	CHN	VNM	072
19790812	CHN	VNM	072
19790812	TCD	SAU	070
19790812	VNM	LAO	074
19790812	VNM	VNM	072
19790812	THA	VNM	073
19790813	EGY	USA	072
19790813	EGY	USA	072
19790813	EGY	USA	072
19790813	GBR	GBR	072
19790813	GBR	ZWE	071
19790813	GBR	ZWE	071
19790813	GBR	GBR	072
19790813	IRN	IND	071
19790814	CIV	BEL	072
19790814	CIV	BEL	072
19790814	CIV	FRA	072
19790814	CIV	FRA	072
19790814	COK	NZL	071
19790814	GAB	BEL	072
19790814	GAB	BEL	072
19790814	GAB	FRA	072
19790814	GAB	FRA	072
19790814	PSE	ISR	075
19790814	PSE	POL	075
19790814	SEN	BEL	072
19790814	SEN	BEL	072
19790814	SEN	FRA	072
19790814	SEN	FRA	072
19790814	TGO	BEL	072
19790814	TGO	FRA	072
19790814	TGO	FRA	072
19790814	USA	COK	071
19790815	AFR	ZAF	071
19790815	IDN	USA	071
19790815	ISR	PSE	071
19790815	KWT	KWT	071
19790815	RUS	AFG	070
19790815	RUS	AFG	070
19790815	RUS	AFG	070
19790815	ZMB	DEU	070
19790816	CHN	LAO	073
19790816	DMA	USA	071
19790816	IRL	FRA	075
19790816	JOR	PSE	071
19790816	MAR	MRT	075
19790816	NOR	VNM	073
19790816	PAK	AFG	075
19790816	PAK	AFG	075
19790816	PAK	AFG	075
19790816	NOR	VNM	073
19790816	NOR	VNM	073
19790816	NOR	VNM	073
19790817	AFR	USA	070
19790817	AUT	PRY	071
19790817	AUT	PRY	071
19790817	EGY	PSE	073
19790817	EGY	PSE	073
19790817	GBR	IRL	072
19790817	ISR	IRQ	071
19790817	ITA	VNM	073
19790817	ITA	VNM	075
19790817	JOR	PSE	073
19790817	JOR	PSE	073
19790817	JOR	PSE	073
19790817	KHM	VNM	072
19790817	LBN	PSE	073
19790817	LBN	PSE	073
19790817	MAR	MRT	072
19790817	SDN	EGY	072
19790817	SEA	VNM	073
19790817	SYR	PSE	073
19790817	SYR	PSE	073
19790817	SYR	PSE	073
19790817	VNM	CHN	073
19790817	VNM	CHN	073
19790817	ZAF	USA	070
19790817	ZAF	USA	070
19790817	ITA	VNM	073
19790817	ITA	VNM	075
19790817	ITA	VNM	073
19790817	ITA	VNM	075
19790817	KHM	VNM	072
19790817	MAR	MRT	072
19790817	MAR	MRT	072
19790817	SEA	VNM	073
19790817	SEA	VNM	073
19790818	CHN	PAK	070
19790818	CHN	PAK	070
19790819	CHN	KHM	070
19790819	LAO	KHM	070
19790819	VNM	VNM	073
19790820	ETH	ERI	070
19790820	ISR	PSE	070
19790820	ISR	PSE	070
19790820	RUS	USA	070
19790820	THA	CHN	073
19790820	THA	CHN	073
19790821	AUT	POL	070
19790821	CHN	VNM	072
19790821	ITA	VNM	073
19790821	ZMB	AFR	073
19790821	ITA	VNM	073
19790821	ITA	VNM	073
19790821	ITA	VNM	073
19790821	ITA	VNM	073
19790821	ITA	VNM	073
19790822	AFR	ZAF	071
19790822	CHN	USA	070
19790822	CHN	USA	070
19790822	LAO	VNM	072
19790823	CHN	RUS	070
19790823	IRN	JOR	071
19790823	RUS	RUS	070
19790823	USA	AFR	071
19790823	USA	AFR	071
19790823	USA	AFR	071
19790823	USA	AFR	071
19790824	AFG	AFG	070
19790824	BRN	VNM	073
19790824	CHN	VNM	073
19790824	CHN	VNM	073
19790824	CHN	VNM	073
19790824	JPN	PHL	071
19790824	RUS	ETH	070
19790824	SDN	UGA	072
19790824	TZA	UGA	072
19790824	TZA	UGA	072
19790824	TZA	UGA	072
19790824	VNM	KHM	072
19790824	JPN	PHL	071
19790824	SDN	UGA	072
19790824	SDN	UGA	072
19790824	SDN	UGA	072
19790824	SDN	UGA	072
19790824	VNM	KHM	072
19790826	CHN	THA	070
19790826	CHN	THA	070
19790826	CHN	USA	070
19790826	CHN	USA	070
19790826	CHN	USA	070
19790826	CHN	USA	070
19790826	USA	CHN	070
19790826	USA	CHN	070
19790827	AUS	VNM	070
19790827	AUS	VNM	070
19790827	AUS	VNM	070
19790827	NOR	TZA	071
19790827	USA	AFR	072
19790827	USA	AFR	072
19790827	USA	CHN	070
19790827	USA	KOR	072
19790827	USA	KOR	072
19790827	USA	USA	071
19790828	USA	PRT	070
19790828	USA	AFR	071
19790828	USA	ZAF	071
19790828	VNM	POL	070
19790829	CHN	CHN	072
19790829	DNK	VNM	073
19790829	ERI	ETH	072
19790829	ERI	ETH	072
19790829	FJI	IRL	072
19790829	FJI	IRL	072
19790829	GBR	IRL	070
19790829	GBR	IRL	070
19790829	GHA	IRL	072
19790829	TUR	GBR	071
19790829	VNM	BRN	073
19790829	VNM	BRN	073
19790829	VNM	CHN	073
19790829	VNM	CHN	073
19790829	VNM	KHM	072
19790829	IRQ	SYR	072
19790829	IRQ	SYR	072
19790830	DEU	FIN	070
19790830	EUR	NIC	070
19790830	ISR	EGY	071
19790830	ISR	EGY	071
19790830	ISR	LBN	075
19790830	LBN	PSE	073
19790830	NPL	PAK	070
19790830	EUR	NIC	070
19790830	LBR	AFR	070
19790830	NPL	PAK	070
19790830	NPL	PAK	070
19790831	CHN	CHN	075
19790831	CHN	VNM	070
19790831	CHN	VNM	070
19790831	CHN	VNM	070
19790831	CHN	VNM	070
19790831	EGY	SDN	072
19790831	EGY	SDN	072
19790831	IRN	IRQ	072
19790831	IRN	IRQ	072
19790831	KHM	CUB	070
19790831	KHM	CUB	070
19790831	KHM	CUB	070
19790831	KWT	PGS	072
19790831	PAK	AFG	073
19790831	SDN	EGY	072
19790831	SDN	EGY	072
19790831	USA	SYR	072
19790831	USA	VNM	073
19790901	CUB	AFR	072
19790901	JPN	CHN	070
19790901	POL	EUR	070
19790901	VNM	CHN	072
19790901	CUB	AFR	072
19790901	CUB	AFR	072
19790902	AFR	AFR	071
19790902	AUS	GBR	072
19790902	AUS	GBR	072
19790902	AUS	GBR	072
19790902	GBR	USA	070
19790902	NZL	GBR	072
19790902	NZL	GBR	072
19790902	RUS	GBR	070
19790902	RUS	GBR	070
19790902	RUS	GBR	070
19790902	USA	VNM	073
19790902	USA	VNM	073
19790902	USA	VNM	073
19790902	ZAF	AFR	071
19790902	ZAF	ZAF	071
19790902	CUB	AFR	072
19790903	CHN	VNM	073
19790903	LBR	BRN	073
19790903	LBR	CHN	073
19790903	LBR	CHN	073
19790903	NGA	NGA	071
19790903	SWE	BWA	070
19790904	AFR	NAM	072
19790904	CHN	PRK	072
19790904	CUB	AFR	072
19790904	CUB	AFR	072
19790904	CUB	AFR	072
19790904	KWT	AGO	072
19790904	PRK	CHN	072
19790904	RUS	AGO	070
19790904	RUS	AGO	070
19790904	CUB	AFR	072
19790904	CUB	AFR	072
19790904	CUB	AFR	072
19790904	KWT	AGO	072
19790905	EGY	ISR	070
19790905	GBR	GBR	073
19790905	ISR	EGY	070
19790905	ISR	EGY	070
19790905	KWT	YEM	071
19790905	MOZ	LSO	072
19790905	NIC	NIC	071
19790905	USA	TUR	071
19790905	THA	VNM	072
19790905	USA	TUR	071
19790905	USA	TUR	071
19790905	VNM	KHM	072
19790906	CHN	SOM	070
19790906	CHN	SOM	070
19790906	ISR	AFR	072
19790906	JPN	VNM	073
19790906	JPN	VNM	073
19790906	JPN	VNM	073
19790906	NLD	SEN	071
19790906	THA	VNM	073
19790906	USA	TUR	071
19790906	VNM	GBR	073
19790906	VNM	GBR	073
19790906	VNM	GBR	073
19790906	THA	CHE	073
19790906	THA	VNM	073
19790906	THA	VNM	073
19790906	THA	VNM	073
19790906	USA	TUR	071
19790907	GBR	IRL	072
19790907	GBR	IRL	072
19790907	JPN	NPL	070
19790907	JPN	NPL	070
19790907	THA	LAO	072
19790907	VNM	CHN	072
19790907	VNM	CHN	072
19790907	VNM	CHN	072
19790907	VNM	LAO	072
19790907	VNM	LAO	072
19790907	VNM	LAO	072
19790908	DNK	VNM	073
19790908	DNK	VNM	073
19790908	DNK	VNM	073
19790908	IRQ	JOR	071
19790908	IRQ	SYR	071
19790908	USA	USA	073
19790908	USA	USA	073
19790909	KWT	MLT	071
19790909	KWT	MLT	071
19790909	THA	KHM	073
19790909	THA	KHM	073
19790909	CAN	CAN	073
19790910	BGR	ALB	070
19790910	BGR	ALB	070
19790910	CUB	VNM	070
19790910	HUN	ALB	070
19790910	POL	ALB	070
19790910	RUS	ALB	070
19790910	RUS	ALB	070
19790910	RUS	ALB	070
19790910	RUS	ALB	070
19790910	SVK	ALB	070
19790910	USA	BRN	073
19790910	USA	CHN	073
19790910	USA	CHN	073
19790910	VNM	VNM	070
19790911	EGY	USA	070
19790911	FRA	USA	070
19790911	GBR	GBR	072
19790911	JPN	NPL	070
19790911	JPN	NPL	070
19790911	POL	CHL	075
19790911	POL	CHL	075
19790911	POL	TUR	073
19790911	POL	TUR	073
19790911	USA	CUB	072
19790911	JPN	NPL	070
19790911	JPN	NPL	070
19790911	JPN	NPL	070
19790912	AUS	KHM	070
19790912	CHE	LAO	075
19790912	CHE	LAO	075
19790912	IRN	RUS	070
19790912	IRN	RUS	070
19790912	MAR	IRL	071
19790912	THA	CHN	073
19790912	THA	CHN	073
19790912	THA	CHN	073
19790912	USA	BRN	073
19790912	USA	CHN	073
19790912	USA	ISR	070
19790912	USA	USA	070
19790912	USA	ISR	070
19790913	EUR	USA	070
19790913	EUR	USA	070
19790913	FRA	FRA	070
19790913	NMR	CUB	072
19790913	NMR	CUB	072
19790913	NMR	DOM	072
19790913	THA	USA	072
19790913	USA	CUB	072
19790914	DEU	DEU	071
19790914	DEU	DEU	071
19790914	NIC	CUB	072
19790914	NIC	CUB	072
19790914	RUS	USA	070
19790914	RUS	USA	070
19790914	THA	USA	072
19790914	TMP	AUS	071
19790914	TMP	AUS	071
19790914	USA	PSE	071
19790914	USA	PSE	071
19790914	THA	USA	072
19790915	CUB	YEM	072
19790915	JPN	LKA	071
19790915	LAO	LAO	072
19790915	LAO	VNM	072
19790915	RUS	SYR	072
19790915	RUS	SYR	072
19790915	TUR	CYP	074
19790915	TUR	CYP	074
19790915	TUR	CYP	074
19790915	VNM	LAO	072
19790915	CUB	YEM	072
19790915	CUB	YEM	072
19790915	JPN	LKA	071
19790916	EGY	USA	071
19790916	TUR	RUS	070
19790916	ZWE	ZMB	073
19790916	ZWE	ZMB	073
19790916	EGY	USA	071
19790916	ZWE	ZMB	073
19790916	ZWE	ZMB	073
19790916	ZWE	ZMB	073
19790916	ZWE	ZMB	073
19790916	ZWE	ZMB	073
19790917	EGY	USA	070
19790917	EGY	USA	070
19790917	UGA	SDN	070
19790917	UGA	SDN	070
19790918	CUB	IRQ	071
19790918	GBR	EUR	073
19790918	GBR	EUR	073
19790918	RUS	CHN	070
19790918	RUS	CHN	070
19790918	UGA	SDN	070
19790918	ZMB	GBR	073
19790918	ZMB	GBR	073
19790918	ZMB	GBR	073
19790918	ZMB	GBR	073
19790919	AFG	AFG	072
19790919	GBR	ZWE	073
19790919	PRY	NIC	075
19790919	PRY	NIC	075
19790919	USA	ISR	071
19790920	AFG	AFG	071
19790920	CZE	SVK	070
19790920	GBR	ZWE	070
19790920	GBR	ZWE	070
19790920	LAO	KHM	073
19790920	RUS	BLR	072
19790920	RUS	BLR	072
19790920	RUS	BLR	072
19790920	THA	KHM	073
19790920	THA	KHM	073
19790920	USA	SAU	072
19790920	USA	SAU	072
19790920	USA	SAU	072
19790920	LAO	KHM	073
19790921	CHN	LAO	070
19790921	CHN	LAO	070
19790921	FRA	CAF	072
19790921	LBN	ISR	072
19790921	LBN	ISR	072
19790921	LBN	ISR	072
19790921	POL	BGD	071
19790921	USA	NAM	070
19790921	USA	NAM	070
19790922	CHN	VNM	073
19790922	FRA	AFR	072
19790922	FRA	FRA	072
19790922	FRA	FRA	072
19790922	GBR	ZWE	071
19790922	KAZ	UKR	072
19790922	KAZ	UKR	072
19790922	KAZ	UKR	072
19790922	KAZ	UKR	072
19790922	NIC	NIC	070
19790922	NLD	POL	071
19790922	VNM	AUS	070
19790922	VNM	AUS	070
19790922	VNM	AUS	070
19790922	VNM	VNM	070
19790922	FRA	AFR	072
19790922	FRA	AFR	072
19790922	NLD	POL	071
19790923	AFG	CHN	070
19790923	AFG	CHN	070
19790923	AFG	CHN	070
19790923	AFR	ZWE	070
19790923	FRA	CAF	072
19790923	NLD	AFR	070
19790923	USA	EGY	071
19790923	USA	EGY	071
19790923	USA	EGY	071
19790923	USA	EGY	073
19790923	USA	EGY	073
19790923	USA	EGY	073
19790923	USA	EGY	073
19790924	CIV	FRA	075
19790924	FRA	TZA	071
19790924	NLD	NLD	070
19790924	THA	KHM	072
19790924	TZA	FRA	071
19790924	FRA	TZA	071
19790924	THA	KHM	072
19790924	TZA	FRA	071
19790924	TZA	FRA	071
19790925	DEU	VNM	073
19790925	DEU	VNM	073
19790925	DEU	VNM	073
19790925	FIN	ETH	070
19790925	FIN	ETH	070
19790925	PSE	USA	070
19790925	PSE	USA	070
19790925	USA	ISR	070
19790925	USA	ISR	072
19790925	USA	ISR	072
19790925	VEN	VEN	071
19790925	VEN	VEN	071
19790926	AFR	GHA	071
19790926	ISR	RUS	073
19790926	ISR	RUS	073
19790926	KHM	KHM	072
19790926	SAU	BGD	070
19790926	SAU	BGD	070
19790926	SYR	RUS	070
19790926	USA	USA	071
19790926	USA	USA	071
19790926	VNM	KHM	072
19790926	VNM	VNM	072
19790926	AFR	GHA	071
19790927	CHN	VNM	073
19790927	CHN	VNM	073
19790927	CUB	RUS	072
19790927	CUB	RUS	072
19790927	CUB	RUS	072
19790927	EGY	ISR	071
19790927	EGY	ISR	071
19790927	JPN	LKA	071
19790927	KHM	KHM	073
19790927	KHM	KHM	073
19790927	LBY	FRA	075
19790927	LBY	FRA	075
19790927	PAK	AFG	075
19790927	RUS	VNM	071
19790928	CHE	CHE	075
19790928	GBR	FRA	073
19790928	GBR	FRA	073
19790928	GBR	FRA	073
19790928	GBR	VNM	073
19790928	ITA	GBR	070
19790928	USA	NIC	071
19790928	USA	NIC	071
19790928	USA	NIC	071
19790928	USA	UGA	071
19790928	USA	UGA	071
19790928	USA	PAN	072
19790928	VNM	KHM	072
19790928	USA	UGA	071
19790929	RUS	IRN	070
19790929	USA	CHN	071
19790929	VNM	RUS	070
19790930	LBY	SAU	071
19790930	LBY	SAU	071
19790930	LBY	SAU	071
19790930	JPN	ZMB	071
19790930	JPN	ZMB	071
19791001	CIV	FRA	075
19791001	CIV	FRA	075
19791001	MAC	CHN	070
19791002	CHN	CHN	071
19791003	BGR	IRQ	073
19791003	CUB	USA	072
19791003	AFR	LSO	070
19791003	CUB	USA	072
19791003	AFR	LSO	070
19791003	AFR	LSO	070
19791003	RUS	CUB	071
19791003	RUS	CUB	071
19791003	RUS	USA	070
19791003	RUS	USA	072
19791004	BTN	SAS	073
19791004	CHN	CHN	071
19791004	CHN	KHM	073
19791004	CHN	KHM	073
19791004	CHN	CHN	071
19791004	CHN	CHN	071
19791004	CHN	CHN	071
19791004	RUS	AFR	073
19791004	RUS	FIN	070
19791004	RUS	AFR	073
19791005	KHM	KHM	070
19791005	RUS	CUB	070
19791005	RUS	CUB	070
19791005	THA	KHM	070
19791005	USA	NIC	072
19791005	USA	NIC	072
19791005	VNM	KHM	072
19791006	EGY	PGS	072
19791006	EGY	PGS	072
19791006	PHL	VNM	073
19791006	VNM	KHM	072
19791006	PHL	VNM	073
19791006	PHL	VNM	073
19791006	PHL	VNM	073
19791007	AFG	AFG	072
19791007	GBR	THA	070
19791007	GBR	THA	070
19791007	GBR	THA	073
19791007	GBR	THA	073
19791007	GBR	THA	073
19791007	GBR	GBR	074
19791007	KHM	CHN	072
19791007	RUS	AFG	072
19791007	RUS	AFG	072
19791007	RUS	CHN	072
19791007	USA	VNM	073
19791007	USA	VNM	073
19791009	LBN	LBN	070
19791009	RUS	USA	070
19791009	RUS	USA	070
19791010	THA	KHM	073
19791010	USA	USA	072
19791011	GBR	GBR	070
19791011	GBR	GBR	070
19791011	GBR	KEN	070
19791011	GBR	KEN	070
19791011	GBR	KEN	070
19791011	RUS	THA	073
19791011	RUS	VNM	073
19791011	RUS	VNM	073
19791011	USA	USA	070
19791011	USA	USA	071
19791011	VNM	KHM	073
19791011	RUS	THA	073
19791011	RUS	THA	073
19791012	CHN	VNM	072
19791012	CHN	VNM	072
19791012	CHN	VNM	072
19791012	WST	TUR	070
19791012	JPN	JPN	070
19791012	JPN	KHM	070
19791012	NLD	TZA	070
19791012	RUS	CUB	072
19791012	RUS	VNM	072
19791012	USA	AGO	072
19791012	USA	AGO	072
19791012	USA	EGY	072
19791012	USA	ETH	072
19791012	USA	RUS	072
19791012	USA	RUS	072
19791012	VNM	USA	073
19791012	VNM	USA	073
19791012	VNM	USA	073
19791012	JPN	KHM	070
19791012	JPN	KHM	070
19791012	JPN	KHM	070
19791012	NLD	TZA	070
19791013	CHN	CHN	070
19791013	RUS	CHN	070
19791013	RUS	YEM	070
19791014	MEA	SYR	074
19791014	POL	USA	070
19791014	POL	USA	070
19791015	FRA	CAF	072
19791015	MNG	LAO	070
19791016	AFG	AFG	072
19791016	CHE	USA	071
19791016	CHE	USA	071
19791016	CHE	USA	071
19791016	CHN	CHN	072
19791016	KHM	CHN	073
19791016	RUS	AFG	072
19791016	RUS	AFG	072
19791016	RUS	AFG	072
19791016	USA	LSO	070
19791017	KHM	USA	071
19791017	KHM	USA	071
19791017	RUS	DEU	072
19791017	SVK	RUS	070
19791017	THA	USA	073
19791017	USA	CAN	073
19791017	USA	USA	070
19791017	VNM	VNM	070
19791018	EUR	ZMB	071
19791018	ISR	EGY	071
19791018	ISR	EGY	071
19791018	ISR	KHM	070
19791018	ISR	KHM	075
19791018	ISR	SEA	073
19791018	USA	GBR	070
19791018	USA	GBR	071
19791018	USA	GBR	071
19791018	SGP	VNM	073
19791018	SGP	VNM	073
19791018	SWE	AFR	075
19791018	SWE	AFR	075
19791018	TUR	SOM	070
19791018	TUR	SOM	070
19791018	TUR	SOM	070
19791018	EUR	ZMB	071
19791018	VNM	SEA	071
19791019	FRA	USA	070
19791019	AFR	KWT	071
19791019	JPN	CHN	070
19791019	JPN	CHN	070
19791019	USA	USA	071
19791019	AFR	KWT	071
19791020	CHN	CHN	070
19791020	VNM	KHM	072
19791020	VNM	RUS	073
19791020	THA	THA	075
19791021	ARE	MDG	071
19791021	IRN	AZE	070
19791021	IRQ	MOZ	071
19791021	IRN	AZE	070
19791022	CZE	AFG	073
19791022	CZE	AFG	073
19791022	MMR	LAO	070
19791022	MMR	LAO	070
19791022	MMR	LAO	070
19791022	EGY	ISR	071
19791022	EGY	ISR	071
19791023	KHM	RUS	073
19791023	KHM	RUS	073
19791023	SEA	KHM	070
19791023	SEA	KHM	070
19791023	SWE	LAO	070
19791023	USA	KHM	070
19791023	USA	KHM	070
19791024	AUT	SVK	070
19791024	AUT	SVK	070
19791024	AUT	SVK	070
19791024	GBR	PRT	070
19791024	GBR	PRT	070
19791024	GBR	PRT	070
19791024	IRQ	ZMB	071
19791024	KHM	KHM	071
19791024	KHM	THA	073
19791024	KHM	KHM	071
19791024	NOR	CZE	070
19791024	NOR	CZE	070
19791024	RUS	AFR	072
19791024	THA	KHM	073
19791024	THA	KHM	073
19791024	THA	KHM	073
19791024	THA	KHM	073
19791024	THA	KHM	073
19791024	THA	THA	073
19791024	THA	THA	073
19791024	USA	KHM	073
19791024	VNM	VNM	072
19791025	ISR	PSE	071
19791025	ISR	PSE	071
19791025	KHM	KHM	070
19791025	KOR	JPN	073
19791025	KOR	JPN	073
19791025	PRT	STP	070
19791025	PRT	STP	070
19791025	RUS	KHM	073
19791025	RUS	KHM	073
19791026	WST	ZAF	070
19791026	PRK	CHN	073
19791026	PRK	CHN	073
19791026	RUS	AFG	072
19791026	SAU	TUR	071
19791026	VNM	KHM	072
19791026	VNM	KHM	072
19791026	COD	UGA	073
19791026	COD	UGA	073
19791026	SDN	UGA	073
19791026	SDN	UGA	073
19791027	KWT	TUN	071
19791027	USA	THA	072
19791027	RUS	RUS	072
19791028	LBY	CAF	071
19791028	RUS	AFG	072
19791028	RUS	AFG	072
19791028	RUS	AFG	072
19791028	RUS	CAF	071
19791028	RUS	PHL	073
19791028	USA	USA	072
19791028	USA	KHM	070
19791028	USA	USA	072
19791029	DEU	DEU	070
19791029	DEU	BGR	070
19791029	DEU	ITA	070
19791029	DEU	USA	070
19791029	EUR	EGY	071
19791029	KWT	ISR	071
19791029	RUS	GBR	070
19791029	RUS	MNG	070
19791029	USA	AFR	070
19791029	USA	AFR	070
19791029	USA	ISR	070
19791029	USA	ZAF	070
19791029	EUR	EGY	071
19791029	EUR	EGY	071
19791029	VNM	THA	072
19791030	AFR	AGO	072
19791030	BGR	FRA	070
19791030	BGR	FRA	070
19791030	CUB	GRD	070
19791030	CUB	GRD	070
19791030	CUB	GRD	070
19791030	JPN	JPN	071
19791030	KHM	RUS	073
19791030	LCA	GRD	070
19791031	AFR	AGO	073
19791031	AFR	AGO	073
19791031	ZAF	AGO	073
19791031	ZAF	AGO	073
19791101	AFR	AGO	072
19791101	AUS	TMP	073
19791101	AUS	TMP	073
19791101	DEU	GBR	072
19791101	GBR	DEU	072
19791101	USA	UGA	073
19791101	USA	TUR	071
19791101	USA	TUR	071
19791101	VEN	BOL	073
19791101	VEN	BOL	073
19791102	AUS	JPN	070
19791102	AUS	JPN	070
19791102	CHN	VNM	070
19791102	GBR	GBR	071
19791102	IDN	JPN	070
19791102	IDN	TMP	073
19791102	IDN	TMP	073
19791102	IDN	TMP	073
19791102	RUS	CHN	070
19791102	USA	KHM	070
19791102	ZWE	GBR	071
19791103	KHM	THA	073
19791103	THA	KHM	073
19791103	KHM	THA	073
19791103	THA	KHM	073
19791103	THA	VNM	073
19791104	MEX	USA	073
19791104	MEX	USA	073
19791104	RUS	VNM	070
19791104	RUS	VNM	070
19791104	USA	KHM	073
19791104	USA	MEX	073
19791104	USA	MEX	073
19791104	USA	MEX	073
19791104	USA	TUR	071
19791104	VNM	KHM	070
19791104	VNM	RUS	070
19791104	VNM	RUS	070
19791104	MOZ	MOZ	073
19791104	MOZ	MOZ	073
19791104	USA	TUR	071
19791105	CZE	TZA	073
19791105	FRA	IRN	075
19791105	IRN	FRA	075
19791105	IRN	FRA	075
19791105	KOR	PRK	072
19791105	KOR	PRK	072
19791105	LAO	KHM	073
19791105	VNM	KHM	073
19791105	THA	LAO	072
19791106	BGR	EUR	070
19791106	CAN	CAN	071
19791106	ITA	CHN	071
19791106	RUS	CUB	070
19791106	RUS	RUS	070
19791106	CAN	CAN	071
19791106	CAN	CAN	071
19791107	AUS	VNM	073
19791107	AUS	VNM	075
19791107	AUS	VNM	075
19791107	AUS	VNM	073
19791107	AUS	VNM	075
19791107	CAN	POL	073
19791107	JPN	VNM	073
19791107	JPN	VNM	073
19791107	JPN	VNM	073
19791107	KWT	MRT	071
19791107	THA	VNM	073
19791107	THA	VNM	075
19791107	THA	VNM	073
19791107	THA	VNM	075
19791107	CAN	POL	073
19791107	CAN	POL	073
19791107	THA	VNM	073
19791107	THA	VNM	073
19791107	THA	VNM	073
19791108	WST	RUS	070
19791108	WST	RUS	070
19791108	KHM	CHN	070
19791108	USA	IRN	073
19791108	USA	IRN	073
19791108	USA	KHM	070
19791108	USA	THA	073
19791108	USA	THA	073
19791108	THA	VNM	073
19791109	MCO	FRA	070
19791109	RUS	SYR	071
19791109	RUS	SYR	071
19791109	THA	KHM	075
19791109	THA	USA	075
19791109	THA	VNM	070
19791109	USA	USA	070
19791109	USA	USA	070
19791109	USA	THA	073
19791109	USA	THA	073
19791109	THA	VNM	070
19791109	THA	VNM	070
19791110	AUS	USA	072
19791110	AUS	USA	072
19791110	CHN	MLI	073
19791110	CHN	MLI	073
19791110	ESP	BOL	071
19791110	ESP	BOL	071
19791110	SEA	THA	072
19791110	SEA	THA	072
19791110	SEA	THA	072
19791110	MLI	MLI	073
19791110	MLI	MLI	073
19791110	THA	KHM	073
19791110	THA	KHM	073
19791110	THA	KHM	073
19791110	TZA	UGA	072
19791110	TZA	UGA	072
19791110	USA	IRN	074
19791110	USA	IRN	075
19791110	USA	IRN	075
19791110	USA	IRN	075
19791110	USA	IRN	075
19791110	USA	IRN	075
19791110	VEN	BOL	071
19791110	VEN	BOL	071
19791111	FRA	UGA	071
19791111	IRN	USA	071
19791111	IRN	USA	071
19791111	IRN	USA	071
19791111	VNM	CUB	072
19791111	VNM	KHM	072
19791111	FRA	UGA	071
19791111	VNM	KHM	072
19791111	VNM	KHM	072
19791112	AFG	PAK	073
19791112	AUS	GHA	070
19791112	EUR	GBR	070
19791112	EUR	GBR	070
19791112	IRN	USA	071
19791112	IRN	USA	071
19791112	IRN	USA	071
19791112	MYS	CHN	073
19791112	MYS	CHN	073
19791112	RUS	CUB	070
19791112	RUS	CUB	070
19791112	RUS	KHM	073
19791112	RUS	KHM	073
19791112	SVK	BEL	071
19791112	SVK	BEL	071
19791112	THA	CHN	073
19791112	THA	CHN	073
19791112	THA	USA	073
19791112	THA	USA	073
19791112	THA	USA	073
19791112	THA	USA	073
19791112	USA	KHM	073
19791112	AUS	GHA	070
19791112	AUS	GHA	070
19791112	AUS	GHA	070
19791113	ESP	POL	070
19791113	ESP	POL	070
19791113	WST	AFR	070
19791113	WST	ZAF	070
19791114	THA	THA	072
19791114	USA	NIC	070
19791114	THA	THA	072
19791114	VNM	THA	072
19791115	AFR	AFR	071
19791115	CZE	EUR	070
19791115	CZE	EUR	070
19791115	IRN	USA	071
19791115	MEX	MEX	075
19791115	VNM	MYS	073
19791115	VNM	MYS	073
19791116	AUS	CHN	070
19791116	CHN	VNM	075
19791116	CHN	VNM	075
19791116	CHN	VNM	075
19791116	MEX	MEX	075
19791116	MEX	MEX	075
19791116	RUS	RUS	073
19791117	EGY	ERI	070
19791117	EGY	ERI	070
19791117	THA	KHM	073
19791118	AFR	DEU	070
19791118	AFR	FRA	070
19791118	AFR	FRA	070
19791118	AFR	ISR	070
19791118	AFR	ISR	070
19791118	AFR	USA	070
19791118	CHN	LAO	072
19791118	THA	CHN	073
19791118	THA	CHN	073
19791119	CHN	CHN	071
19791119	CHN	CHN	072
19791119	USA	KOR	073
19791120	BEL	CHN	070
19791120	CHN	VNM	072
19791120	CHN	VNM	072
19791120	CHN	VNM	070
19791120	CUB	UGA	070
19791120	CUB	UGA	070
19791120	THA	KHM	073
19791120	USA	VNM	072
19791120	USA	VNM	072
19791120	IDN	KHM	070
19791121	ETH	SWE	070
19791121	GBR	GBR	070
19791121	KHM	KHM	073
19791121	SWE	SWE	070
19791121	THA	KHM	073
19791121	THA	KHM	073
19791121	USA	SLV	070
19791121	USA	SLV	070
19791121	USA	SLV	070
19791121	ZWE	ZMB	075
19791121	ZWE	ZMB	075
19791121	GBR	FRA	070
19791121	GBR	FRA	070
19791122	AFR	ZWE	070
19791122	AFR	ZWE	070
19791122	AFR	ZWE	070
19791122	JPN	THA	073
19791122	JPN	THA	073
19791122	JPN	THA	073
19791122	JPN	THA	073
19791122	PAK	USA	073
19791122	PAK	USA	073
19791122	PAK	USA	073
19791122	USA	SLV	070
19791122	USA	SLV	070
19791122	USA	ZWE	070
19791122	ASA	PHL	071
19791123	CAN	IRN	071
19791123	CAN	IRN	071
19791123	CAN	IRN	071
19791123	USA	AFR	070
19791123	USA	SLV	070
19791123	USA	SLV	070
19791123	USA	ZAF	070
19791123	VNM	KHM	072
19791124	CHN	THA	071
19791124	CHN	THA	071
19791124	CHN	USA	073
19791124	ESP	GIN	071
19791124	FIN	TUR	071
19791124	NLD	TUR	071
19791124	SAU	TUR	071
19791124	USA	USA	071
19791124	USA	USA	071
19791124	ZWE	AFR	071
19791124	ZWE	AFR	071
19791124	ZWE	ZAF	071
19791124	FIN	TUR	071
19791124	FIN	TUR	071
19791124	NLD	TUR	071
19791124	NLD	TUR	071
19791124	SAU	TUR	071
19791124	SAU	TUR	071
19791125	KHM	KHM	075
19791125	RUS	JPN	072
19791125	VNM	CHN	072
19791125	VNM	CHN	072
19791125	VNM	KHM	072
19791125	VNM	KHM	072
19791125	MYS	KHM	072
19791126	RUS	JPN	072
19791126	RUS	KHM	070
19791126	SAU	USA	071
19791127	AFR	AFR	071
19791127	SAU	USA	072
19791127	SAU	USA	072
19791127	SAU	USA	072
19791127	THA	VNM	073
19791127	USA	RUS	071
19791127	ZAF	AFR	071
19791127	ZMB	ZWE	072
19791127	ZMB	ZMB	072
19791127	ZMB	ZWE	072
19791127	ZWE	AFR	071
19791127	RUS	JPN	072
19791127	THA	VNM	073
19791128	CHN	CHN	073
19791128	USA	IRN	071
19791128	USA	IRN	071
19791129	SLV	AFR	073
19791129	THA	KHM	070
19791129	THA	KHM	070
19791129	THA	KHM	073
19791129	THA	KHM	073
19791129	THA	KHM	073
19791129	THA	THA	070
19791130	IRN	USA	071
19791130	IRN	IRN	071
19791130	RUS	VNM	071
19791130	RUS	VNM	071
19791201	ARE	SYC	071
19791201	ARE	SYC	071
19791201	GBR	DEU	070
19791201	KHM	RUS	073
19791201	KHM	RUS	073
19791201	KHM	RUS	073
19791201	USA	KHM	073
19791201	USA	KHM	073
19791201	USA	NIC	070
19791201	USA	NIC	070
19791201	USA	KHM	073
19791202	EGY	IRN	075
19791202	EGY	IRN	075
19791202	EGY	IRN	075
19791202	FIN	TZA	071
19791202	FRA	CHN	071
19791202	FRA	CHN	071
19791202	PAK	AFG	075
19791202	USA	JPN	070
19791202	USA	JPN	070
19791202	USA	PAK	070
19791202	USA	USA	070
19791202	FIN	TZA	071
19791203	GBR	JOR	070
19791203	GBR	JOR	070
19791203	GBR	JOR	070
19791203	THA	VNM	073
19791203	THA	VNM	073
19791203	THA	VNM	073
19791203	ZWE	NZL	070
19791204	DEU	RUS	070
19791204	GBR	GBR	073
19791204	PRT	ESP	070
19791204	PRT	ESP	070
19791204	RUS	RUS	070
19791204	USA	USA	070
19791204	VNM	THA	072
19791205	AFR	FRA	070
19791205	ESP	EUR	070
19791205	ESP	EUR	070
19791205	IRN	LBN	072
19791205	THA	KHM	073
19791205	THA	KHM	073
19791205	VNM	SEA	070
19791206	AFR	EUR	071
19791206	AUS	LKA	071
19791206	GBR	USA	073
19791206	ISR	LBN	072
19791206	ISR	LBN	072
19791206	ISR	LBN	072
19791206	ISR	LBN	072
19791206	USA	IRN	071
19791206	RUS	DEU	072
19791206	RUS	DEU	072
19791207	AUS	ZWE	074
19791207	AUS	ZWE	074
19791207	FJI	ZWE	074
19791207	FJI	ZWE	074
19791207	FJI	ZWE	074
19791207	GBR	ZWE	074
19791207	GBR	ZWE	074
19791207	GBR	GBR	070
19791207	GBR	GBR	070
19791207	KEN	ZWE	074
19791207	KEN	ZWE	074
19791207	KEN	ZWE	074
19791207	KHM	THA	075
19791207	KHM	THA	075
19791207	KHM	THA	075
19791207	NZL	ZWE	074
19791207	NZL	ZWE	074
19791207	NZL	ZWE	074
19791207	THA	KHM	073
19791207	USA	USA	071
19791207	USA	USA	071
19791207	USA	USA	073
19791207	USA	USA	073
19791207	USA	USA	073
19791208	JPN	CHN	071
19791208	USA	TMP	073
19791208	USA	PRK	072
19791208	VNM	NLD	070
19791209	EGY	PSE	071
19791209	EGY	PSE	071
19791209	ISR	LBN	072
19791209	ISR	LBN	072
19791209	ISR	PSE	071
19791209	ISR	PSE	071
19791209	ISR	PSE	071
19791209	ISR	PSE	071
19791210	AUS	SYC	073
19791210	AUS	SYC	073
19791210	DEU	CHN	071
19791210	IRN	AFG	075
19791210	IRN	AFG	075
19791210	RUS	KHM	070
19791210	RUS	KHM	070
19791210	USA	IRN	070
19791210	USA	IRN	070
19791210	USA	KOR	070
19791210	USA	KOR	070
19791210	USA	USA	071
19791210	USA	USA	071
19791210	USA	USA	071
19791210	USA	USA	071
19791210	USA	IRN	070
19791211	AFG	PAK	071
19791211	AFG	PAK	071
19791211	THA	CHN	073
19791211	USA	IRN	071
19791211	USA	IRN	071
19791211	USA	IRN	071
19791211	IRN	LBN	073
19791212	BGR	HUN	070
19791212	BGR	HUN	070
19791212	GBR	UGA	070
19791212	GBR	UGA	070
19791212	POL	HUN	070
19791212	POL	HUN	070
19791212	RUS	HUN	070
19791212	RUS	HUN	070
19791212	RUS	LAO	070
19791212	TUR	SAU	072
19791212	TUR	SAU	072
19791212	USA	LSO	073
19791213	IDN	IDN	073
19791213	WST	USA	071
19791214	CHE	RUS	075
19791214	EGY	EGY	075
19791214	FRA	ESP	075
19791214	FRA	ESP	075
19791214	FRA	ESP	075
19791214	FRA	ESP	075
19791214	GBR	ZWE	073
19791214	ISR	IRN	070
19791214	LBY	PSE	071
19791214	LBY	PSE	071
19791214	PSE	IRN	070
19791214	PSE	IRN	070
19791214	THA	THA	075
19791214	USA	COL	073
19791214	USA	COL	073
19791214	THA	THA	075
19791214	USA	RUS	071
19791215	FRA	CMR	071
19791215	FRA	CMR	071
19791216	AFR	ZWE	072
19791216	OMN	PGS	073
19791216	ZAF	ZWE	072
19791216	ZAF	ZWE	072
19791216	ZAF	ZWE	072
19791217	COD	FRA	071
19791217	POL	RUS	071
19791217	POL	RUS	071
19791217	RUS	AFG	072
19791217	RUS	AFG	072
19791217	RUS	AFG	072
19791217	RUS	POL	071
19791217	USA	KHM	070
19791217	FRA	KHM	073
19791218	EGY	EGY	072
19791218	EGY	EGY	072
19791218	GBR	EUR	070
19791218	GBR	EUR	070
19791218	JPN	THA	073
19791218	PAN	IRN	073
19791218	PAN	IRN	075
19791218	PAN	IRN	075
19791218	PAN	IRN	075
19791218	THA	CHN	073
19791218	USA	KHM	070
19791218	VNM	LAO	072
19791218	PAN	IRN	073
19791218	VNM	LAO	072
19791218	VNM	LAO	072
19791219	DEU	VAT	070
19791219	DEU	VAT	070
19791219	ISR	LBN	070
19791219	LBY	ISR	070
19791219	LBY	ISR	070
19791219	LBY	ISR	070
19791219	LBY	PSE	070
19791219	PAK	DJI	070
19791219	PSE	ISR	070
19791219	PSE	PSE	070
19791219	PSE	PSE	070
19791219	PAK	DJI	070
19791219	PAK	DJI	070
19791220	EGY	EGY	072
19791220	JPN	VNM	070
19791220	VNM	KHM	072
19791220	EGY	EGY	072
19791221	ASA	PHL	071
19791221	MOZ	MOZ	071
19791221	MOZ	MOZ	071
19791221	MOZ	MOZ	071
19791221	USA	IRN	071
19791221	ASA	PHL	071
19791221	USA	IRN	071
19791222	GBR	AUS	070
19791222	GBR	AUS	070
19791222	GBR	FJI	070
19791222	GBR	FJI	070
19791222	GBR	KEN	070
19791222	GBR	KEN	070
19791222	GBR	NZL	070
19791222	GBR	NZL	070
19791222	USA	AFG	073
19791222	USA	AFG	073
19791222	DEU	WST	070
19791222	JPN	JPN	071
19791222	RUS	AFG	072
19791223	GBR	IRL	072
19791223	GBR	IRL	072
19791223	GBR	IRL	072
19791223	USA	ITA	071
19791223	USA	ITA	071
19791223	VNM	KHM	072
19791224	DEU	WST	075
19791224	ISR	USA	070
19791224	RUS	AFG	073
19791226	POL	RUS	070
19791226	VNM	KHM	072
19791226	ZAF	AFR	072
19791227	AFG	RUS	072
19791227	AFG	AFG	072
19791227	AFG	AFG	072
19791227	CIV	AGO	075
19791227	POL	CHN	073
19791227	POL	CHN	073
19791227	RUS	AFG	072
19791227	RUS	AFG	073
19791227	RUS	AFG	073
19791227	RUS	AFG	073
19791227	RUS	AFG	073
19791227	RUS	AFG	073
19791227	RUS	AFG	073
19791227	RUS	RUS	072
19791227	USA	AFG	073
19791227	USA	AFG	073
19791227	AFG	AFG	073
19791228	JPN	MDG	070
19791228	CHN	CHN	071
19791228	RUS	RUS	072
19791228	ZMB	ZWE	071
19791228	ZMB	ZWE	071
19791228	ZMB	ZWE	071
19791228	ZWE	ZMB	070
19791228	ZWE	ZMB	073
19791228	JPN	MDG	070
19791228	JPN	MDG	070
19791228	JPN	MDG	070
19791229	AFG	RUS	072
19791229	AFG	RUS	072
19791229	BGR	RUS	070
19791229	RUS	AFG	073
19791229	RUS	AFG	073
19791229	RUS	AFG	073
19791229	RUS	AFG	073
19791229	RUS	RUS	072
19791229	USA	USA	072
19791229	USA	USA	071
19791229	VNM	CHN	072
19791230	EGY	RUS	070
19791230	SDN	DEU	071
19791231	AFG	RUS	072
19791231	AFG	RUS	072
19791231	AFG	RUS	072
19791231	CHN	CHN	072
19791231	EGY	USA	071
19791231	FRA	IRN	071
19791231	FRA	IRN	071
19791231	KHM	THA	073
19791231	PAK	AFG	070
19791231	PAK	AFG	070
19791231	PAK	AFG	070
19791231	RUS	AFG	072
19791231	RUS	AFG	072
19791231	RUS	CHN	070
19791231	RUS	CHN	070
19791231	THA	KHM	073
19791231	USA	RUS	070
19791231	USA	PSE	070
19791231	USA	USA	071
19791231	USA	USA	071
19791231	DEU	AFG	072
19791231	EGY	USA	071
19791231	RUS	AFG	072
19791231	RUS	AFG	072
